Region,Source_Layer,Country (Short Form),Name,Alternate Name(s),USGS ID,Commodity Type,Commodity,Commodity Product,Status,Facility Type,Deposit Type,Annual Production Capacity,Capacity Units,Capacity Notes,Major Operating Company,Owner,Equity Owner 2,Equity Owner 3,Equity Owner 4,ADM1 Name,Location Description,DD Latitude,DD Longitude,Location Accuracy,Reference Year,Commodity 2,Commodity 3,Commodity 4,Commodity 5,Commodity 6,Commodity 7,Commodity 8,Commodity 9,Commodity 10,Commodity 11,Label,Multiple Commodities,Multiple Products,Product Notes,Year,Source Year,Project Active,Shared Capacity,Estimated Capacity,Facility Comments,Critical Commodity,USGS MRData ID,USGS WMED ID,Owner Type,Owner Share,Equity Owner 5,Equity Owner 6,Data Source,GIS Data Source,Location Source 1,Location Source 2,Operation Source 1,Operation Source 2,Operating Stage Source 1,Operating Stage Source 2,Company Source 1,Company Source 2,Commodity Source 1,Commodity Source 2,Capacity Source 1,Capacity Source 2,Other Source,Source notes,Source ID,ROWID,ISO_CC,FACID_NUM
Africa,AFR_Mineral_Facilities,Madagascar,Gallois Mine,,MDG007,Industrial,Graphite,<null>,Assumed Active,Mines and Quarries,,150000.0,mt,<null>,Etablissements Gallois S.A.,<null>,<null>,<null>,<null>,Toamasina,Near Tamatave,-19.230198,48.945072,A,2018.0,,,,,,,,,,,MDG7,N,N,,2018.0,,,<null>,,Another mining site associated with facility can be found directly to the west of Toamasina.,,,,,,,,"USGS 2018 Minerals Yearbook, Vol. III, Madagascar Country Chapter, Table 2; various other USGS, industry, geologic research, and company reports; various mining databases",Google Earth-104,,,,,,,,,,,,,,,,,,
Africa,AFR_Mineral_Facilities,Madagascar,Graphmada Mine,,MDG008,Industrial,Graphite,<null>,Assumed Active,Mines and Quarries,,6000.0,mt,<null>,Bass Metals Ltd.,<null>,<null>,<null>,<null>,Toamasina,<null>,-18.918806,48.991245,A,2018.0,,,,,,,,,,,MDG8,N,N,,2018.0,,,<null>,,<null>,,,,,,,,"USGS 2018 Minerals Yearbook, Vol. III, Madagascar Country Chapter, Table 2; various other USGS, industry, geologic research, and company reports; various mining databases",Google Earth-105,,,,,,,,,,,,,,,,,,
Africa,AFR_Mineral_Facilities,Madagascar,Mine in Atsinanana Region,,MDG023,Industrial,Graphite,<null>,Assumed Active,Mines and Quarries,,10000.0,mt,<null>,Power Stand Development (H.K.) Ltd.,<null>,<null>,<null>,<null>,Toamasina,Atsinanana Region,-18.445449,49.218047,A,2018.0,,,,,,,,,,,MDG23,N,N,,2018.0,,,<null>,,<null>,,,,,,,,"USGS 2018 Minerals Yearbook, Vol. III, Madagascar Country Chapter, Table 2; various other USGS, industry, geologic research, and company reports; various mining databases",Google Earth,,,,,,,,,,,,,,,,,,
Africa,AFR_Mineral_Facilities,Madagascar,Sahamamy-Sahasoa Mine,,MDG044,Industrial,Graphite,<null>,Assumed Active,Mines and Quarries,,3000.0,mt,<null>,Tirupati Graphite Plc,<null>,<null>,<null>,<null>,Toamasina,<null>,-18.568337,48.9757,A,2018.0,,,,,,,,,,,MDG45,N,N,,2018.0,,,<null>,,<null>,,,,,,,,"USGS 2018 Minerals Yearbook, Vol. III, Madagascar Country Chapter, Table 2; various other USGS, industry, geologic research, and company reports; various mining databases",Google Earth-172,,,,,,,,,,,,,,,,,,
Africa,AFR_Mineral_Facilities,Mozambique,Ancuabe Graphite Mine,,MOZ001,Industrial,Graphite,Graphite,Assumed Active,Mines and Quarries,,9000.0,mt,<null>,GK Ancuabe Graphite Mine S.A.,Graphit Kropfmühl GmbH [90%],"Empresa Moçambicana de Exploração Mineira, S.A. (EMEM) [10%]",<null>,<null>,Cabo Delgado,Cabo Delgado Province,-13.004066,40.000666,A,2018.0,,,,,,,,,,,MOZ1,N,N,,2018.0,,,<null>,,<null>,,,,,,,,"USGS 2018 Minerals Yearbook, Vol. III, Mozambique Country Chapter, Table 2; various other USGS, industry, geologic research, and company reports; various mining databases",SNL,,,,,,,,,,,,,,,,,,
Africa,AFR_Mineral_Facilities,Mozambique,Balama Graphite Operation,,MOZ002,Industrial,Graphite,Graphite,Assumed Active,Mines and Quarries,,350.0,mt,<null>,Syrah Resources Ltd.,Twigg Exploration and Mining Limitada [100%],<null>,<null>,<null>,Cabo Delgado,Cabo Delgado Province,-13.309337,38.661168,A,2018.0,,,,,,,,,,,MOZ2,N,N,,2018.0,,,<null>,,<null>,,,,,,,,"USGS 2018 Minerals Yearbook, Vol. III, Mozambique Country Chapter, Table 2; various other USGS, industry, geologic research, and company reports; various mining databases",SNL,,,,,,,,,,,,,,,,,,
Africa,AFR_Mineral_Facilities,Namibia,Okanjande Mine,,NAM017,Industrial,Graphite,Graphite,C&M,Mines and Quarries,,20000.0,mt,<null>,Imerys Gecko Holdings (Pty) Ltd.,Imerys Group [51%],Gecko Namibia (Pty) Ltd. [49%],<null>,<null>,Otjozondjupa,14 kilometers south of Otjiwarongo,-20.599951,16.622975,A,2018.0,,,,,,,,,,,NAM17,N,N,,2018.0,,,<null>,,Facility on care-and-maintenance status.,,,,,,,,"USGS 2018 Minerals Yearbook, Vol. III, Namibia Country Chapter, Table 2; various other USGS, industry, geologic research, and company reports; various mining databases",Google Earth,,,,,,,,,,,,,,,,,,
Africa,AFR_Mineral_Facilities,Zimbabwe,Lynx Graphite Mine,,ZWE043,Industrial,Graphite,Graphite,Assumed Active,Mines and Quarries,,-999.0,,<null>,Zimbabwe German Graphite Mines (Private) Ltd.,Graphite Kropmühl division of AMG Advanced Metallurgical Group N.V. [50%],Zimbabwe Mining Development Corp. (ZMDC) [50%],<null>,<null>,Mashonaland West,Karoi,-16.597273,29.453626,A,2018.0,,,,,,,,,,,ZWE43,N,N,,2018.0,,,<null>,,<null>,,,,,,,,"USGS 2018 Minerals Yearbook, Vol. III, Zimbabwe Country Chapter, Table 2; various other USGS, industry, geologic research, and company reports; various mining databases",USGS Global GeoDB,,,,,,,,,,,,,,,,,,
Africa,AFR_Mineral_Deposits,Kenya,Chawia, ,KEd007,,Graphite,,,,"Crystalline Graphite, metamorphic",,,,,,,,,Taita Taveta,,-3.4648,38.38447,,,,,,,,,,,,,KEd7,,,,,,,,,,,1114.0,,,,,,USGS PP1802 and accompanying USGS Data Release (https://mrdata.usgs.gov/pp1802/); USGS OFR2005-1294 (https://mrdata.usgs.gov/major-deposits/),,,,,,,,,,,,,,,,,,,
Africa,AFR_Mineral_Deposits,Kenya,Oldoinyo,Nyiro,KEd008,,Graphite,,,,"Crystalline Graphite, metamorphic",,,,,,,,,Isiolo,,0.74994,37.0,,,,,,,,,,,,,KEd8,,,,,,,,,,,1115.0,,,,,,USGS PP1802 and accompanying USGS Data Release (https://mrdata.usgs.gov/pp1802/); USGS OFR2005-1294 (https://mrdata.usgs.gov/major-deposits/),,,,,,,,,,,,,,,,,,,
Africa,AFR_Mineral_Deposits,Madagascar,Ambatomitamba Sahanovo Area, ,MGd019,,Graphite,,,,Crystalline Graphite,,,,,,,,,Toamasina,,-18.34688,49.10105,,,,,,,,,,,,,MGd19,,,,,,,,,,,1120.0,,,,,,USGS PP1802 and accompanying USGS Data Release (https://mrdata.usgs.gov/pp1802/),,,,,,,,,,,,,,,,,,,
Africa,AFR_Mineral_Deposits,Madagascar,Perinet,Ambatovy Area,MGd020,,Graphite,,,,"Crystalline Graphite, metamorphic",,,,,,,,,Toamasina,,-18.93014,48.45106,,,,,,,,,,,,,MGd20,,,,,,,,,,,1121.0,,,,,,USGS PP1802 and accompanying USGS Data Release (https://mrdata.usgs.gov/pp1802/); USGS OFR2005-1294 (https://mrdata.usgs.gov/major-deposits/),,,,,,,,,,,,,,,,,,,
Africa,AFR_Mineral_Deposits,South Africa,Gumbu Graphite Mine, ,ZAd183,,Graphite,,,,"Crystalline Graphite, metamorphic",,,,,,,,,Limpopo,,-22.31516,30.66667,,,,,,,,,,,,,ZAd183,,,,,,,,,,,1135.0,,,,,,USGS PP1802 and accompanying USGS Data Release (https://mrdata.usgs.gov/pp1802/); USGS OFR2005-1294 (https://mrdata.usgs.gov/major-deposits/),,,,,,,,,,,,,,,,,,,
Africa,AFR_Mineral_Deposits,South Africa,Malonga Graphite Mine, ,ZAd184,,Graphite,,,,"Amorphous Graphite, metamorphic",,,,,,,,,Limpopo,,-22.64848,30.88333,,,,,,,,,,,,,ZAd184,,,,,,,,,,,1136.0,,,,,,USGS PP1802 and accompanying USGS Data Release (https://mrdata.usgs.gov/pp1802/); USGS OFR2005-1294 (https://mrdata.usgs.gov/major-deposits/),,,,,,,,,,,,,,,,,,,
Africa,AFR_Mineral_Deposits,Zimbabwe,Lynx Mine, ,ZWd094,,Graphite,,,,Crystalline Graphite,,,,,,,,,Mashonaland West,,-16.43043,29.30134,,,,,,,,,,,,,ZWd94,,,,,,,,,,,1173.0,,,,,,USGS PP1802 and accompanying USGS Data Release (https://mrdata.usgs.gov/pp1802/),,,,,,,,,,,,,,,,,,,
Africa,AFR_Mineral_Deposits,Madagascar,Ampangadiatany, ,MGd021,,Graphite,,,,"Crystalline Graphite, metamorphic",,,,,,,,,Toamasina,,-19.408,48.891,,,,,,,,,,,,,MGd21,,,,,,,,,,,1880.0,,,,,,USGS PP1802 and accompanying USGS Data Release (https://mrdata.usgs.gov/pp1802/); USGS OFR2005-1294 (https://mrdata.usgs.gov/major-deposits/),,,,,,,,,,,,,,,,,,,
Africa,AFR_Mineral_Deposits,Madagascar,Vatomandry Area, ,MGd022,,Graphite,,,,Crystalline Graphite,,,,,,,,,Toamasina,,-19.341,48.945,,,,,,,,,,,,,MGd22,,,,,,,,,,,1904.0,,,,,,USGS PP1802 and accompanying USGS Data Release (https://mrdata.usgs.gov/pp1802/),,,,,,,,,,,,,,,,,,,
Africa,AFR_Mineral_Deposits,Madagascar,Sahamamy, ,MGd023,,Graphite,,,,Metamorphic,,,,,,,,,Toamasina,,-18.5833,48.9167,,,,,,,,,,,,,MGd23,,,,,,,,,,,2473.0,,,,,,USGS OFR2005-1294 (https://mrdata.usgs.gov/major-deposits/),,,,,,,,,,,,,,,,,,,
Africa,AFR_Mineral_Deposits,Madagascar,Marovinsky, ,MGd024,,Graphite,,,,Metamorphic,,,,,,,,,Toamasina,,-19.2333,48.95,,,,,,,,,,,,,MGd24,,,,,,,,,,,2471.0,,,,,,USGS OFR2005-1294 (https://mrdata.usgs.gov/major-deposits/),,,,,,,,,,,,,,,,,,,
Africa,AFR_Mineral_Deposits,Libya,Gargaresh, ,LYd002,,Graphite,,,,Metamorphic,,,,,,,,,Al Jifarah,,32.8251,12.9676,,,,,,,,,,,,,LYd2,,,,,,,,,,,2449.0,,,,,,USGS OFR2005-1294 (https://mrdata.usgs.gov/major-deposits/),,,,,,,,,,,,,,,,,,,
Africa,AFR_Mineral_Deposits,Madagascar,Ambatomitamba, ,MGd025,,Graphite,,,,Metamorphic,,,,,,,,,Toamasina,,-18.35,48.9833,,,,,,,,,,,,,MGd25,,,,,,,,,,,2465.0,,,,,,USGS OFR2005-1294 (https://mrdata.usgs.gov/major-deposits/),,,,,,,,,,,,,,,,,,,
Africa,AFR_Mineral_Deposits,Madagascar,Andasifahatelo Mine, ,MGd026,,Graphite,,,,Metamorphic,,,,,,,,,Toamasina,,-18.9,48.4333,,,,,,,,,,,,,MGd26,,,,,,,,,,,2467.0,,,,,,USGS OFR2005-1294 (https://mrdata.usgs.gov/major-deposits/),,,,,,,,,,,,,,,,,,,
Africa,AFR_Mineral_Deposits,Madagascar,Antsirakambo, ,MGd027,,Graphite,,,,Metamorphic,,,,,,,,,Toamasina,,-18.4833,49.15,,,,,,,,,,,,,MGd27,,,,,,,,,,,2468.0,,,,,,USGS OFR2005-1294 (https://mrdata.usgs.gov/major-deposits/),,,,,,,,,,,,,,,,,,,
Africa,AFR_Mineral_Deposits,Madagascar,Antsiribe, ,MGd028,,Graphite,,,,Metamorphic,,,,,,,,,Toamasina,,-18.2667,49.1333,,,,,,,,,,,,,MGd28,,,,,,,,,,,2469.0,,,,,,USGS OFR2005-1294 (https://mrdata.usgs.gov/major-deposits/),,,,,,,,,,,,,,,,,,,
Africa,AFR_Mineral_Deposits,Madagascar,Faliarano, ,MGd029,,Graphite,,,,Metamorphic,,,,,,,,,Toamasina,,-18.8833,48.4167,,,,,,,,,,,,,MGd29,,,,,,,,,,,2470.0,,,,,,USGS OFR2005-1294 (https://mrdata.usgs.gov/major-deposits/),,,,,,,,,,,,,,,,,,,
Africa,AFR_Mineral_Deposits,Madagascar,Sahanavo, ,MGd030,,Graphite,,,,Metamorphic,,,,,,,,,Toamasina,,-18.45,48.9167,,,,,,,,,,,,,MGd30,,,,,,,,,,,2474.0,,,,,,USGS OFR2005-1294 (https://mrdata.usgs.gov/major-deposits/),,,,,,,,,,,,,,,,,,,
Africa,AFR_Mineral_Deposits,Madagascar,Tamataue, ,MGd031,,Graphite,,,,Metamorphic,,,,,,,,,Toamasina,,-18.1667,49.3833,,,,,,,,,,,,,MGd31,,,,,,,,,,,2475.0,,,,,,USGS OFR2005-1294 (https://mrdata.usgs.gov/major-deposits/),,,,,,,,,,,,,,,,,,,
Africa,AFR_Mineral_Deposits,Madagascar,Tsaravoniany, ,MGd032,,Graphite,,,,Metamorphic,,,,,,,,,Toamasina,,-18.75,48.4333,,,,,,,,,,,,,MGd32,,,,,,,,,,,2476.0,,,,,,USGS OFR2005-1294 (https://mrdata.usgs.gov/major-deposits/),,,,,,,,,,,,,,,,,,,
Africa,AFR_Mineral_Deposits,Tanzania,Merelani, ,TZd007,,Gem,,,,Igneous,,,,,,,,,Manyara,,-3.56667,37.03333,,,Graphite,,,,,,,,,,TZd7,,,,,,,,,,,2947.0,,,,,,USGS OFR2005-1294 (https://mrdata.usgs.gov/major-deposits/),,,,,,,,,,,,,,,,,,,
Africa,AFR_Mineral_Deposits,Zimbabwe,Lynx, ,ZWd095,,Graphite,,,,Metamorphic,,,,,,,,,Mashonaland West,,-16.6,29.43333,,,,,,,,,,,,,ZWd95,,,,,,,,,,,3147.0,,,,,,USGS OFR2005-1294 (https://mrdata.usgs.gov/major-deposits/),,,,,,,,,,,,,,,,,,,
Africa,AFR_Mineral_Exploration,Mozambique,6142L, ,MZx001,,Graphite,,Exploration,,,,,,, ,,,,Cabo Delgado, ,-13.20998,38.67325,,2015.0, , , , , , , ,,,,MZx1,,,,,,2015.0,,,,,,P17259, , ,,,"USGS World Minerals Exploration Database (WMED), unpub.",,,,,,,,,,,,,,,,,,,
Africa,AFR_Mineral_Exploration,Madagascar,Antanisoa, ,MGx005,,Graphite,,Exploration,,,,,,, ,,,,Antananarivo, ,-19.62,47.49,,2013.0, , , , , , , ,,,,MGx5,,,,,,2013.0,,,,,,P17255, , ,,,"USGS World Minerals Exploration Database (WMED), unpub.",,,,,,,,,,,,,,,,,,,
Africa,AFR_Mineral_Exploration,Madagascar,Antsirabe, ,MGx006,,Graphite,,Exploration,,,,,,, ,,,,Toamasina, ,-18.52,48.597,,2013.0, , , , , , , ,,,,MGx6,,,,,,2013.0,,,,,,P17256, , ,,,"USGS World Minerals Exploration Database (WMED), unpub.",,,,,,,,,,,,,,,,,,,
Africa,AFR_Mineral_Exploration,Mozambique,Balama,Nicanda West,MZx002,,Graphite,,Feasibility Study,,,,,,, ,,,,Cabo Delgado, ,-13.1705,38.79699,,2018.0,Vanadium, , , , , , ,,,,MZx2,,,,,,2018.0,,,,,,P17070, , ,,,"USGS World Minerals Exploration Database (WMED), unpub.",,,,,,,,,,,,,,,,,,,
Africa,AFR_Mineral_Exploration,Mozambique,Balama Central, ,MZx003,,Vanadium,,Exploration,,,,,,, ,,,,Cabo Delgado, ,-13.38066,38.61478,,2018.0,Graphite, , , , , , ,,,,MZx3,,,,,,2018.0,,,,,,P17099, , ,,,"USGS World Minerals Exploration Database (WMED), unpub.",,,,,,,,,,,,,,,,,,,
Africa,AFR_Mineral_Exploration,Madagascar,Belanitra, ,MGx007,,Graphite,,Exploration,,,,,,, ,,,,Toamasina, ,-19.645,47.999,,2013.0, , , , , , , ,,,,MGx7,,,,,,2013.0,,,,,,P17257, , ,,,"USGS World Minerals Exploration Database (WMED), unpub.",,,,,,,,,,,,,,,,,,,
Africa,AFR_Mineral_Exploration,Namibia,Black Range, ,NAx004,,Graphite,,Exploration,,,,,,, ,,,,Erongo, ,-21.96773,15.24388,,2017.0, , , , , , , ,,,,NAx4,,,,,,2017.0,,,,,,P18219, , ,,,"USGS World Minerals Exploration Database (WMED), unpub.",,,,,,,,,,,,,,,,,,,
Africa,AFR_Mineral_Exploration,Tanzania,Bunyu,Namangale,TZx006,,Graphite,,Feasibility Study,,,,,,, ,,,,Lindi, ,-10.29905,39.15626,,2018.0, , , , , , , ,,,,TZx6,,,,,,2018.0,,,,,,P17066, , ,,,"USGS World Minerals Exploration Database (WMED), unpub.",,,,,,,,,,,,,,,,,,,
Africa,AFR_Mineral_Exploration,Tanzania,Chilalo, ,TZx008,,Graphite,,Feasibility Study,,,,,,, ,,,,Lindi,"Lindi, Tanzania; 48 km N of Nachingwea",-9.95093,38.72631,,2018.0, , , , , , , ,,,,TZx8,,,,,,2018.0,,,,,,P16721, , ,,,"USGS World Minerals Exploration Database (WMED), unpub.",,,,,,,,,,,,,,,,,,,
Africa,AFR_Mineral_Exploration,Tanzania,Chiliogali, ,TZx009,,Graphite,,Exploration,,,,,,, ,,,,Lindi, ,-10.416,38.839,,2016.0, , , , , , , ,,,,TZx9,,,,,,2016.0,,,,,,P17262, , ,,,"USGS World Minerals Exploration Database (WMED), unpub.",,,,,,,,,,,,,,,,,,,
Africa,AFR_Mineral_Exploration,Malawi,Chiziro, ,MWx003,,Graphite,,Exploration,,,,,,, ,,,,Dowa,Malawi; 40 km NE of Lilongwe,-13.71,34.099,,2015.0, , , , , , , ,,,,MWx3,,,,,,2015.0,,,,,,P16146, , ,,,"USGS World Minerals Exploration Database (WMED), unpub.",,,,,,,,,,,,,,,,,,,
Africa,AFR_Mineral_Exploration,Mozambique,Dombeya,Lurio,MZx006,,Graphite,,Reserves Development,,,,,,, ,,,,Cabo Delgado, ,-13.44083,40.30976,,2016.0, , , , , , , ,,,,MZx6,,,,,,2016.0,,,,,,P17103, , ,,,"USGS World Minerals Exploration Database (WMED), unpub.",,,,,,,,,,,,,,,,,,,
Africa,AFR_Mineral_Exploration,Tanzania,Epanko, ,TZx012,,Graphite,,Feasibility Study,,,,,,, ,,,,Morogoro,Tanzania,-8.585273,36.655357,,2018.0, , , , , , , ,,,,TZx12,,,,,,2018.0,,,,,,P15205, , ,,,"USGS World Minerals Exploration Database (WMED), unpub.",,,,,,,,,,,,,,,,,,,
Africa,AFR_Mineral_Exploration,Zimbabwe,Globe, ,ZWx009,,Graphite,,Exploration,,,,,,, ,,,,Matabeleland North, ,-19.08525,27.10953,,2015.0, , , , , , , ,,,,ZWx9,,,,,,2015.0,,,,,,P17269, , ,,,"USGS World Minerals Exploration Database (WMED), unpub.",,,,,,,,,,,,,,,,,,,
Africa,AFR_Mineral_Exploration,Madagascar,Gogogogo, ,MGx012,,Cobalt,,Inactive,,,,,,, ,,,,Toliary, ,-24.55915,44.88135,,2016.0,Copper,Nickel,Graphite, , , , ,,,,MGx12,,,,,,2016.0,,,,,,P11681, , ,,,"USGS World Minerals Exploration Database (WMED), unpub.",,,,,,,,,,,,,,,,,,,
Africa,AFR_Mineral_Exploration,Madagascar,Green Giant, ,MGx013,,Vanadium,,Exploration,,,,,,, ,,,,Toliary,145 km SE of Toliara,-23.991,45.039,,2009.0,Graphite, , , , , , ,,,,MGx13,,,,,,2009.0,,,,,,P12413, , ,,,"USGS World Minerals Exploration Database (WMED), unpub.",,,,,,,,,,,,,,,,,,,
Africa,AFR_Mineral_Exploration,Tanzania,Injaa Hill, ,TZx023,,Graphite,,Exploration,,,,,,, ,,,,Lindi, ,-10.36,38.94,,2014.0, , , , , , , ,,,,TZx23,,,,,,2014.0,,,,,,P17263, , ,,,"USGS World Minerals Exploration Database (WMED), unpub.",,,,,,,,,,,,,,,,,,,
Africa,AFR_Mineral_Exploration,Uganda,Kitgum, ,UGx005,,Graphite,,Exploration,,,,,,, ,,,,Kitgum, ,3.39,33.61,,2015.0, , , , , , , ,,,,UGx5,,,,,,2015.0,,,,,,P17268, , ,,,"USGS World Minerals Exploration Database (WMED), unpub.",,,,,,,,,,,,,,,,,,,
Africa,AFR_Mineral_Exploration,Tanzania,Lindi Jumbo, ,TZx035,,Graphite,,Feasibility Study,,,,,,, ,,,,Lindi,"Lindi, Tanzania; 75 km W of Lindi",-9.91712,38.9065,,2017.0,Vanadium, , , , , , ,,,,TZx35,,,,,,2017.0,,,,,,P16755, , ,,,"USGS World Minerals Exploration Database (WMED), unpub.",,,,,,,,,,,,,,,,,,,
Africa,AFR_Mineral_Exploration,Madagascar,Madagascar,Malagasy,MGx015,,Graphite,,Exploration,,,,,,, ,,,,Toamasina, ,-18.883333,48.416667,,2009.0, , , , , , , ,,,,MGx15,,,,,,2009.0,,,,,,P14069, , ,,,"USGS World Minerals Exploration Database (WMED), unpub.",,,,,,,,,,,,,,,,,,,
Africa,AFR_Mineral_Exploration,Madagascar,Madagascar, ,MGx016,,Graphite,,Exploration,,,,,,, ,,,,Toamasina, ,-18.56,49.16,,2013.0, , , , , , , ,,,,MGx16,,,,,,2013.0,,,,,,P17258, , ,,,"USGS World Minerals Exploration Database (WMED), unpub.",,,,,,,,,,,,,,,,,,,
Africa,AFR_Mineral_Exploration,Tanzania,Mahenge Liandu, ,TZx044,,Graphite,,Feasibility Study,,,,,,, ,,,,Morogoro, ,-8.73571,36.73159,,2018.0, , , , , , , ,,,,TZx44,,,,,,2018.0,,,,,,P17094, , ,,,"USGS World Minerals Exploration Database (WMED), unpub.",,,,,,,,,,,,,,,,,,,
Africa,AFR_Mineral_Exploration,Tanzania,Mahenge North, ,TZx045,,Graphite,,Feasibility Study,,,,,,, ,,,,Morogoro,"Morogoro, Tanzania; 15 km SE of Mahenge",-8.85294,36.72278,,2016.0, , , , , , , ,,,,TZx45,,,,,,2016.0,,,,,,P16900, , ,,,"USGS World Minerals Exploration Database (WMED), unpub.",,,,,,,,,,,,,,,,,,,
Africa,AFR_Mineral_Exploration,Tanzania,Mahenge South, ,TZx046,,Graphite,,Exploration,,,,,,, ,,,,Morogoro, ,-9.047,36.72,,2014.0, , , , , , , ,,,,TZx46,,,,,,2014.0,,,,,,P17264, , ,,,"USGS World Minerals Exploration Database (WMED), unpub.",,,,,,,,,,,,,,,,,,,
Africa,AFR_Mineral_Exploration,Tanzania,Makonde, ,TZx047,,Graphite,,Exploration,,,,,,, ,,,,Morogoro, ,-8.77,36.73,,2015.0, , , , , , , ,,,,TZx47,,,,,,2015.0,,,,,,P17265, , ,,,"USGS World Minerals Exploration Database (WMED), unpub.",,,,,,,,,,,,,,,,,,,
Africa,AFR_Mineral_Exploration,Malawi,Malingunde, ,MWx009,,Graphite,,Exploration,,,,,,, ,,,,Dedza,Lilongwe; 17km E of Malawi,-14.31259,33.93294,,2015.0,Rutile,Ilmenite,Zircon, , , , ,,,,MWx9,,,,,,2015.0,,,,,,P16074, , ,,,"USGS World Minerals Exploration Database (WMED), unpub.",,,,,,,,,,,,,,,,,,,
Africa,AFR_Mineral_Exploration,Madagascar,Maniry, ,MGx017,,Graphite,,Exploration,,,,,,, ,,,,Toliary,"Toliara, Madagascar; 20.3 km NE of Ampanihy; 680 km SSW of Antanananarivo",-24.52345,44.85585,,2018.0, , , , , , , ,,,,MGx17,,,,,,2018.0,,,,,,P16132, , ,,,"USGS World Minerals Exploration Database (WMED), unpub.",,,,,,,,,,,,,,,,,,,
Africa,AFR_Mineral_Exploration,Tanzania,Merelani-Arusha, ,TZx053,,Graphite,,Exploration,,,,,,, ,,,,Manyara,"Arusha, Tanzania; 20 km SSW of Moshi",-3.588,37.238,,2015.0, , , , , , , ,,,,TZx53,,,,,,2015.0,,,,,,P15753, , ,,,"USGS World Minerals Exploration Database (WMED), unpub.",,,,,,,,,,,,,,,,,,,
Africa,AFR_Mineral_Exploration,Madagascar,Molo, ,MGx019,,Graphite,,Feasibility Study,,,,,,, ,,,,Toliary,"Toliara, Madagascar; 165 km ESE of Toliara",-23.99893,45.13187,,2015.0, , , , , , , ,,,,MGx19,,,,,,2015.0,,,,,,P15365, , ,,,"USGS World Minerals Exploration Database (WMED), unpub.",,,,,,,,,,,,,,,,,,,
Africa,AFR_Mineral_Exploration,Mozambique,Montepuez central, ,MZx016,,Graphite,,Pre-Production,,,,,,, ,,,,Cabo Delgado,Mozambique; NE in the Cabo Delgado province,-12.8042,38.71666,,2015.0,Vanadium,Copper,Gold,Zinc,Lead, , ,,,,MZx16,,,,,,2015.0,,,,,,P16669, , ,,,"USGS World Minerals Exploration Database (WMED), unpub.",,,,,,,,,,,,,,,,,,,
Africa,AFR_Mineral_Exploration,Ethiopia,Moyale, ,ETx008,,Graphite,,Exploration,,,,,,, ,,,,Oromia, ,3.53882,39.00736,,2014.0, , , , , , , ,,,,ETx8,,,,,,2014.0,,,,,,P16636, , ,,,"USGS World Minerals Exploration Database (WMED), unpub.",,,,,,,,,,,,,,,,,,,
Africa,AFR_Mineral_Exploration,Mozambique,Mozambique, ,MZx018,,Graphite,,Exploration,,,,,,, ,,,,Cabo Delgado, ,-13.376,40.29747,,2014.0, , , , , , , ,,,,MZx18,,,,,,2014.0,,,,,,P17261, , ,,,"USGS World Minerals Exploration Database (WMED), unpub.",,,,,,,,,,,,,,,,,,,
Africa,AFR_Mineral_Exploration,Tanzania,Nachingwea, ,TZx066,,Copper,,Exploration,,,,,,,Goldstream Mining NL,,,,Lindi, ,-9.82816,38.46323,,2005.0,Nickel,Platinum-group elements (PGE),Gold,Graphite, , , ,,,,TZx66,,,,,,2005.0,,,,,,P09819, , ,,,"USGS World Minerals Exploration Database (WMED), unpub.",,,,,,,,,,,,,,,,,,,
Africa,AFR_Mineral_Exploration,Tanzania,Nachingwea, ,TZx067,,Graphite,,Exploration,,,,,,, ,,,,Lindi, ,-10.35549,38.94003,,2015.0, , , , , , , ,,,,TZx67,,,,,,2015.0,,,,,,P17266, , ,,,"USGS World Minerals Exploration Database (WMED), unpub.",,,,,,,,,,,,,,,,,,,
Africa,AFR_Mineral_Exploration,Tanzania,Nachu, ,TZx068,,Graphite,,Pre-Production,,,,,,, ,,,,Lindi,"Lindi, Tanzania; 85 km W of Lindi",-9.90747,38.868,,2016.0,Gold, , , , , , ,,,,TZx68,,,,,,2016.0,,,,,,P15514, , ,,,"USGS World Minerals Exploration Database (WMED), unpub.",,,,,,,,,,,,,,,,,,,
Africa,AFR_Mineral_Exploration,Tanzania,Ruangwa, ,TZx077,,Graphite,,Exploration,,,,,,, ,,,,Lindi, ,-9.79756,39.14175,,2014.0, , , , , , , ,,,,TZx77,,,,,,2014.0,,,,,,P17267, , ,,,"USGS World Minerals Exploration Database (WMED), unpub.",,,,,,,,,,,,,,,,,,,
Africa,AFR_Mineral_Exploration,Madagascar,Toamasina,Vohitsara,MGx022,,Graphite,,Reserves Development,,,,,,, ,,,,Toamasina,5 km inland from Toamasina,-18.52065,49.11102,,2012.0, , , , , , , ,,,,MGx22,,,,,,2012.0,,,,,,P14067, , ,,,"USGS World Minerals Exploration Database (WMED), unpub.",,,,,,,,,,,,,,,,,,,
Africa,AFR_Mineral_Exploration,Madagascar,Vatomaina, ,MGx024,,Graphite,,Reserves Development,,,,,,, ,,,,Toamasina, ,-18.57571,49.11425,,2016.0, , , , , , , ,,,,MGx24,,,,,,2016.0,,,,,,P17113, , ,,,"USGS World Minerals Exploration Database (WMED), unpub.",,,,,,,,,,,,,,,,,,,
Africa,AFR_Mineral_Exploration,Chad,Waya Waya, ,TDx002,,Graphite,,Exploration,,,,,,, ,,,,Wadi Fira, ,14.85435,21.78082,,2015.0, , , , , , , ,,,,TDx2,,,,,,2015.0,,,,,,P17253, , ,,,"USGS World Minerals Exploration Database (WMED), unpub.",,,,,,,,,,,,,,,,,,,
Africa,AFR_Mineral_Exploration,Ethiopia,Western Ethiopia, ,ETx013,,Graphite,,Exploration,,,,,,, ,,,,Gambela Peoples, ,7.96688,34.52691,,2013.0, , , , , , , ,,,,ETx13,,,,,,2013.0,,,,,,P17254, , ,,,"USGS World Minerals Exploration Database (WMED), unpub.",,,,,,,,,,,,,,,,,,,
Africa,AFR_Mineral_Exploration,Zimbabwe,Zimbabwe German, ,ZWx028,,Graphite,,Exploration,,,,,,, ,,,,Mashonaland West, ,-16.59507,29.45208,,2012.0, , , , , , , ,,,,ZWx28,,,,,,2012.0,,,,,,P17270, , ,,,"USGS World Minerals Exploration Database (WMED), unpub.",,,,,,,,,,,,,,,,,,,
China,CHN_Mineral_Facilities,China,Liumao Mine,,CHN0500,,Graphite,,Assumed Active,Mines and Quarries,,80000.0,mt,,"Jixi Liumao Graphite Resources Co., Ltd.","Jixi Liumao Graphite Resources Co., Ltd.",,,,Heilongjiang,"Heilongjiang, Jixi",45.08,130.78,A,,,,,,,,,,,,CHN500,N,N,,,,,,,,,,,,,,,"USGS 2019 Minerals Yearbook, Vol. III, China Country Chapter, Table 2; various other USGS, industry, geologic research, and company reports; various mining databases",Google Earth,,,,,,,,,,,,,,,,,,
China,CHN_Mineral_Facilities,China,Mine in Jixi,,CHN0501,,Graphite,,Assumed Active,Mines and Quarries,,60000.0,mt,,"Jixi Aoyu Graphite Co., Ltd.","Jixi Aoyu Graphite Co., Ltd.",,,,Heilongjiang,"Heilongjiang, Jixi",45.62,132.46,A,,,,,,,,,,,,CHN501,N,N,,,,,,,,,,,,,,,"USGS 2019 Minerals Yearbook, Vol. III, China Country Chapter, Table 2; various other USGS, industry, geologic research, and company reports; various mining databases",Google Earth,,,,,,,,,,,,,,,,,,
China,CHN_Mineral_Facilities,China,Mine in Xinghe,,CHN1095,,Graphite,,Assumed Active,Mines and Quarries,,10000.0,mt,,"Nei Mongol Xinghe Jingxin Graphite Co., Ltd.","Nei Mongol Xinghe Jingxin Graphite Co., Ltd.",,,,Nei Mongol,"Nei Mongol, Xinghe",40.87,113.87,A,,,,,,,,,,,,CHN1095,N,N,,,,,,,,,,,,,,,"USGS 2019 Minerals Yearbook, Vol. III, China Country Chapter, Table 2; various other USGS, industry, geologic research, and company reports; various mining databases",Google Earth,,,,,,,,,,,,,,,,,,
China,CHN_Mineral_Facilities,China,Plant in Qingdao,,CHN1434,,Graphite,,Assumed Active,Mineral Processing Plants,,-999.0,,,"Qingdao Hensen Graphite Co., Ltd.","Qingdao Hensen Graphite Co., Ltd",,,,Shandong,"Shandong, Qingdao",36.8,120.51,A,,,,,,,,,,,,CHN1434,N,N,,,,,,,,,,,,,,,"USGS 2019 Minerals Yearbook, Vol. III, China Country Chapter, Table 2; various other USGS, industry, geologic research, and company reports; various mining databases",Google Earth,,,,,,,,,,,,,,,,,,
China,CHN_Mineral_Facilities,China,Qingdao Mine,,CHN1467,,Graphite,,Assumed Active,Mines and Quarries,,28000.0,mt,,"Qingdao Yanxin Graphite Products Co., Ltd.",AMG Advanced Metallurgical Group [100%],,,,Shandong,"Shandong, Qingdao",36.7327,119.9238,E,,,,,,,,,,,,CHN1467,N,N,,,,,,,,,,,,,,,"USGS 2019 Minerals Yearbook, Vol. III, China Country Chapter, Table 2; various other USGS, industry, geologic research, and company reports; various mining databases",Google Earth,,,,,,,,,,,,,,,,,,
China,CHN_Mineral_Deposits,China,Liumao,,CHNd024,,Graphite,,,,Metamorphic,,,,,,,,,Heilongjiang,,45.0856,130.7846,,,,,,,,,,,,,CHNd24,,,,,,,,,,,,,,,,,USGS OFR2005-1294 (https://mrdata.usgs.gov/major-deposits/),,,,,,,,,,,,,,,,,,,
China,CHN_Mineral_Deposits,China,Yunshan,,CHNd025,,Graphite,,,,Sedimentary,,,,,,,,,Heilongjiang,,45.9167,132.4833,,,,,,,,,,,,,CHNd25,,,,,,,,,,,,,,,,,USGS OFR2005-1294 (https://mrdata.usgs.gov/major-deposits/),,,,,,,,,,,,,,,,,,,
China,CHN_Mineral_Deposits,China,Heling,,CHNd210,,Graphite,,,,Amorphous Graphite,,,,,,,,,Heilongjiang,,46.3145,129.55,,,,,,,,,,,,,CHNd210,,,,,,,,,,,,,,,,,USGS PP1802 and accompanying USGS Data Release (https://mrdata.usgs.gov/pp1802/),,,,,,,,,,,,,,,,,,,
China,CHN_Mineral_Deposits,China,Jixi (Liu Mao),,CHNd211,,Graphite,,,,Amorphous Graphite,,,,,,,,,Heilongjiang,,45.2811,131.0,,,,,,,,,,,,,CHNd211,,,,,,,,,,,,,,,,,USGS PP1802 and accompanying USGS Data Release (https://mrdata.usgs.gov/pp1802/),,,,,,,,,,,,,,,,,,,
China,CHN_Mineral_Deposits,China,Liu Mao,,CHNd212,,Graphite,,,,Amorphous Graphite,,,,,,,,,Heilongjiang,,45.2978,131.0666,,,,,,,,,,,,,CHNd212,,,,,,,,,,,,,,,,,USGS PP1802 and accompanying USGS Data Release (https://mrdata.usgs.gov/pp1802/),,,,,,,,,,,,,,,,,,,
China,CHN_Mineral_Deposits,China,Honan Deposits,,CHNd213,,Graphite,,,,Amorphous Graphite,,,,,,,,,Henan,,32.4986,113.8826,,,,,,,,,,,,,CHNd213,,,,,,,,,,,,,,,,,USGS PP1802 and accompanying USGS Data Release (https://mrdata.usgs.gov/pp1802/),,,,,,,,,,,,,,,,,,,
China,CHN_Mineral_Deposits,China,Hunan,,CHNd214,,Graphite,,,,Amorphous Graphite,,,,,,,,,Hunan,,25.9991,112.9994,,,,,,,,,,,,,CHNd214,,,,,,,,,,,,,,,,,USGS PP1802 and accompanying USGS Data Release (https://mrdata.usgs.gov/pp1802/),,,,,,,,,,,,,,,,,,,
China,CHN_Mineral_Deposits,China,Panshi,,CHNd215,,Graphite,,,,Amorphous Graphite,,,,,,,,,Jilin,,42.9311,125.9666,,,,,,,,,,,,,CHNd215,,,,,,,,,,,,,,,,,USGS PP1802 and accompanying USGS Data Release (https://mrdata.usgs.gov/pp1802/),,,,,,,,,,,,,,,,,,,
China,CHN_Mineral_Deposits,China,Hohot,,CHNd216,,Graphite,,,,Crystalline Graphite,,,,,,,,,Nei Mongol,,40.8148,111.616,,,,,,,,,,,,,CHNd216,,,,,,,,,,,,,,,,,USGS PP1802 and accompanying USGS Data Release (https://mrdata.usgs.gov/pp1802/),,,,,,,,,,,,,,,,,,,
China,CHN_Mineral_Deposits,China,Shandong Peninsula,,CHNd217,,Graphite,,,,Crystalline Graphite,,,,,,,,,Shandong,,37.0317,120.3158,,,,,,,,,,,,,CHNd217,,,,,,,,,,,,,,,,,USGS PP1802 and accompanying USGS Data Release (https://mrdata.usgs.gov/pp1802/),,,,,,,,,,,,,,,,,,,
China,CHN_Mineral_Deposits,China,Xing He,,CHNd218,,Graphite,,,,Crystalline Graphite,,,,,,,,,Nei Mongol,,40.8833,113.8833,,,,,,,,,,,,,CHNd218,,,,,,,,,,,,,,,,,USGS PP1802 and accompanying USGS Data Release (https://mrdata.usgs.gov/pp1802/),,,,,,,,,,,,,,,,,,,
China,CHN_Mineral_Exploration,China,Qitaihe,Milin Graphite Mine,CHNx184,,Graphite,,Exploration,,,,,,,"Baotailong New Materials Co., Ltd.",,,,Heilongjiang,"Heilongjiang, Qitaihe, Boli County; about 9 km N of Qitaihe",45.84,131.11,A,2022.0,,,,,,,,,,,,,,,,2022.0,,,,,,,,,,,,,,http://www.sse.com.cn/disclosure/listedinfo/announcement/c/new/2022-04-26/601011_20220426_2_2LwtG3z0.pdf,Google Maps,http://www.sse.com.cn/disclosure/listedinfo/announcement/c/new/2022-04-26/601011_20220426_2_2LwtG3z0.pdf,,,,http://www.sse.com.cn/disclosure/listedinfo/announcement/c/new/2022-04-26/601011_20220426_2_2LwtG3z0.pdf,http://www.btlgf.com/,http://www.sse.com.cn/disclosure/listedinfo/announcement/c/new/2022-04-26/601011_20220426_2_2LwtG3z0.pdf,,,,,,,,,
China,CHN_Mineral_Exploration,China,Jiucaigou,,CHNx185,,Graphite,,Exploration,,,,,,,,,,,Henan,"Henan, Nanyang, Neixang County; about 4 km W of Xiaguanzhen",33.3599999999999,111.75,A,2020.0,,,,,,,,,,,,,,,,2020.0,,,,,,,,,,,,,,https://news.metal.com/newscontent/101178970/2019-[concern]-national-mineral-exploration:-so-many-metal-deposits-have-been-newly-discovered/,Google Maps,https://news.metal.com/newscontent/101178970/2019-[concern]-national-mineral-exploration:-so-many-metal-deposits-have-been-newly-discovered/,,,,,,https://news.metal.com/newscontent/101178970/2019-[concern]-national-mineral-exploration:-so-many-metal-deposits-have-been-newly-discovered/,,,,,,,,,
China,CHN_Mineral_Exploration,China,Shizhai,,CHNx186,,Graphite,,Exploration,,,,,,,,,,,Henan,"Henan, Nanyang, Xixia County; about 9 km W of Dahegangcun",33.5099999999999,111.379999999999,A,2020.0,,,,,,,,,,,,,,,,2020.0,,,,,,,,,,,,,,https://news.metal.com/newscontent/101178970/2019-[concern]-national-mineral-exploration:-so-many-metal-deposits-have-been-newly-discovered/,Google Maps,https://news.metal.com/newscontent/101178970/2019-[concern]-national-mineral-exploration:-so-many-metal-deposits-have-been-newly-discovered/,,,,,,https://news.metal.com/newscontent/101178970/2019-[concern]-national-mineral-exploration:-so-many-metal-deposits-have-been-newly-discovered/,,,,,,,,,
China,CHN_Mineral_Exploration,China,Huogeqi,,CHNx187,,Graphite,,Exploration,,,,,,,,,,,Nei Mongol,"Nei Mongol, Bayannur, Urad Rear Banner; about 43 km NW of Urad Rear Banner",41.2899999999999,106.64,A,2020.0,,,,,,,,,,,,,,,,2020.0,,,,,,,,,,,,,,https://www.mnr.gov.cn/sj/sjfw/kc_19263/zgkczybg/202010/P020201022612392451059.pdf,Google Maps,https://www.mnr.gov.cn/sj/sjfw/kc_19263/zgkczybg/202010/P020201022612392451059.pdf,,,,,,https://www.mnr.gov.cn/sj/sjfw/kc_19263/zgkczybg/202010/P020201022612392451059.pdf,,,,,,,,,
China,CHN_Mineral_Exploration,China,Bayannur Graphite Project,,CHNx188,,Graphite,,Pre-production,,,,,,,Inner Mongolia Rising Energy Group [100%],,,,Nei Mongol,"Nei Mongol, Bayannur, Linhe District; about 3 km SE of the city of Bayannur",40.7199999999999,107.39,A,2020.0,,,,,,,,,,,,,,,,2020.0,,,,,,,,,,,,,,https://www.linkedin.com/pulse/graphite-construction-begins-new-ultra-large-flake-mine-sue-shaw,Google Maps,https://www.linkedin.com/pulse/graphite-construction-begins-new-ultra-large-flake-mine-sue-shaw,https://www.miningmagazine.com/exploration/news/1388718/inner-mongolia-graphite-project-gets-underway,,,https://www.linkedin.com/pulse/graphite-construction-begins-new-ultra-large-flake-mine-sue-shaw,https://www.mining.com/inner-mongolia-new-graphite-mine-may-help-china-fill-gap-from-lower-imports-report/,https://www.mining.com/inner-mongolia-new-graphite-mine-may-help-china-fill-gap-from-lower-imports-report/,https://www.linkedin.com/pulse/graphite-construction-begins-new-ultra-large-flake-mine-sue-shaw,,,,,,,,
China,CHN_Mineral_Exploration,China,Yunshan,Hegang,CHNx189,,Graphite,,Pre-production,,,,,,,"China Minmetals Group Heilongjiang Graphite Industry Co., Ltd. (China Minmetals Corp.)",,,,Heilongjiang,"Heilongjiang, Hegang, Luobei County; about 30 km NW of Luobei county",47.8288,130.6416,E,2020.0,,,,,,,,,,,,,,,,2020.0,,,,,,,,,,,,,,http://en.people.cn/n3/2016/1122/c90000-9145277.html,,https://www.argusmedia.com/en/news/2121249-china-minmetals-develops-heilongjiang-graphite-mine,,,,https://www.argusmedia.com/en/news/2121249-china-minmetals-develops-heilongjiang-graphite-mine,,http://en.people.cn/n3/2016/1122/c90000-9145277.html,https://www.argusmedia.com/en/news/2121249-china-minmetals-develops-heilongjiang-graphite-mine,,,,,,,,
Indopacific,INDOPAC_Mineral_Facilities,Malaysia,Plant in Kawasan Perindustrian,,MYS284,,Graphite,Synthetic Graphite,Assumed Active,Mineral Processing Plants,,-999.0,,,Resonac Graphite Malaysia Sdn. Bhd.,Resonac Graphite Malaysia Sdn. Bhd.,,,,Selangor,"Kawasan Perindustrian, Banting, Selangor",2.8359,101.5543,E,,,,,,,,,,,,MYS284,N,N,Carbon electrodes,,,,,,,,,,,,,,,,"https://www.google.com/maps/place/Showa+Denko+Carbon+Malaysia+Sdn+Bhd/@2.8365099,101.5524718,367m/data=!3m1!1e3!4m5!3m4!1s0x31cda4a2c8f229f9:0xda5afb7ed7486156!8m2!3d2.8339534!4d101.5533615",https://www.bluesnowenergy.com/project/showa-denko-carbon-malaysia/,,,,,https://www.graphite.resonac.com/,https://www.showadenkocarbon.com/sites/banting-malaysia/,,,,,,,,,,
Indopacific,INDOPAC_Mineral_Facilities,Sri Lanka,Kahatagaha Mine,,LKA011,,Graphite,,Assumed Active,Mines and Quarries,,780.0,mt,E,Kahatagaha Graphite Lanka Ltd. ,Ministry of Industry and Commerce [100%],,,,North Western,"Kurunegala District, North Western",7.5743,80.5477,E,,,,,,,,,,,,LKA11,N,N,,,,,,,,,,,,,,,,,"https://www.google.com/maps/place/Kahatagaha+Mine,+Mineral+Laboratory/@7.5739359,80.5476671,644m/data=!3m2!1e3!4b1!4m5!3m4!1s0x3ae34eb5f3c1fde9:0x97e07fe3873d3cdd!8m2!3d7.5738813!4d80.5483065",https://kgraphite.lk/gallery/,,,,,https://kgraphite.lk/wp-content/uploads/2020/10/Company-Profile-KGLL.pdf,,,,https://www.cbsl.gov.lk/sites/default/files/cbslweb_documents/publications/annual_report/2022/en/15_Appendix.pdf,,,,,,,
Indopacific,INDOPAC_Mineral_Facilities,Sri Lanka,Ragedara Mine,,LKA017,,Graphite,,Assumed Active,Mines and Quarries,,500.0,mt,E,Sakura Graphite (Pvt.) Ltd.,KWA Holdings [60%],Elcora Advanced Materials Corp. [40%],,,North Western,"Melsiripura, Kurunegala District, North Western",7.6344,80.5388,E,,,,,,,,,,,,LKA17,N,N,,,,,,,,,,,,,,,,,"https://www.google.com/maps/place/Ragedara+Mine+Ceylon+(Pvt)+Ltd/@7.6345207,80.5384933,362m/data=!3m1!1e3!4m5!3m4!1s0x3ae34b5c90fb1e45:0xe28cc0874415f272!8m2!3d7.6343581!4d80.5388188",https://ragedaramines.com/#,,,,,https://www.elcoracorp.com/mining-ragedara-graphite-mine/,,,,https://www.elcoracorp.com/mining-ragedara-graphite-mine/,,,,,,,
Indopacific,INDOPAC_Mineral_Facilities,Sri Lanka,Bogala Mine,,LKA018,,Graphite,,Assumed Active,Mines and Quarries,,7000.0,mt,E,Bogala Graphite Lanka Plc. ,Graphit Kropfmuhl GmbH (AMG Graphite) [79.6%],Alterna GK LLC [10.3%] ,,,Sabaragamuwa,"Kegalle District, Sabaragamuwa",7.1163,80.3095,E,,,,,,,,,,,,LKA18,N,N,,,,,,,,,,,,,,,,,https://www.gk-graphite.lk/index.php?id=430,,,,,,https://www.gk-graphite.lk/index.php?id=473,,,,https://www.company-list.org/bogala_graphite_lanka_limited.html,,,,,,,
Indopacific,INDOPAC_Mineral_Facilities,Vietnam,Nam Thi Mine,,VNM097,,Graphite,,Assumed Active,Mines and Quarries,,-999.0,,,Song Da Lao Cai Mining JSC,Song Da Lao Cai Mining JSC,,,,Lao Cai,"Bao Yen, Lao Cai ",22.22,104.38,A,,,,,,,,,,,,VNM97,N,N,,,,,,,,,,,,,,,,,http://vjs.ac.vn/index.php/jse/article/viewFile/10728/pdf,https://www.google.com/maps/,,,,,https://vjs.ac.vn/index.php/jse/article/view/10728,https://pubs.usgs.gov/myb/vol3/2017-18/myb3-2017-18-vietnam.pdf,,,https://pubs.usgs.gov/myb/vol3/2017-18/myb3-2017-18-vietnam.pdf,,,,,,,
Indopacific,INDOPAC_Mineral_Facilities,Vietnam,Graphite Purification Plant,,VNM199,,Graphite,,Assumed Active,Mineral Processing Plants,,70000.0,mt,E,Vietnam Graphite Group,Urbix Resources,,,,Yen Bai,"Tran Yen, Yen Bai ",21.834,104.7585,E,,,,,,,,,,,,VNM199,N,N,,,,,,,,,,,,,,,,,http://vietnamgraphite.com/,"https://www.google.com/maps/place/C%C3%B4ng+Ty+TNHH+Ng%E1%BB%8Dc+Vi%E1%BB%85n+%C4%90%C3%B4ng/@21.8340291,104.7585463,1228m/data=!3m1!1e3!4m8!1m2!2m1!1sHop,+Bao+Dap,+Tran+Yen,+Yen+Bai!3m4!1s0x31334eb65ef3ec4f:0x72bcb39d2a0c00fb!8m2!3d21.8316748!4d104.75959",,,,,https://urbixresources.com/urbix-and-vietnam-graphite-group-to-build-green-purification-plant/,https://www.graphene-info.com/urbix-resources-build-purification-plant-vietnam,,,https://urbixresources.com/urbix-and-vietnam-graphite-group-to-build-green-purification-plant/,,,,,,,
Indopacific,INDOPAC_Mineral_Development,Bhutan,Takti Chu Graphite Deposit,Donga,BTd05,,Graphite,Crude,Feasibility,Mines and Quarries,,,,,,,,,,Chhukha,"Dong, Southeast Takti Chu, Bjagchhog Gewog, Chhukha ; about 3 km NE of Chimakha",27.1,89.56,A,2021.0,,,,,,,,,,,BTd5,,,,,2021.0,,,,,,,,,,,,,,https://openjicareport.jica.go.jp/pdf/12357372.pdf,"http://www.seanpatricklong.com/uploads/1/4/5/6/14564072/long_etal_2011_gsab_bhutan_lh_tec-strat.pdf#:~:text=The%20Baxa%20Group%2C%202%E2%80%933%20km%20of%20quartzite%2C%20phyllite%2C,peaks%2C%20indicating%20a%20Neoproterozoic%E2%80%93%20Cambrian%28%3F%29%",,,https://openjicareport.jica.go.jp/pdf/12357372.pdf,,,,,,,,http://www.citypopulation.de/en/bhutan/admin/,,,,,
Indopacific,INDOPAC_Mineral_Development,Bhutan,Chelela ,,BTd09,,Graphite,Crude,Feasibility,Mines and Quarries,,,,,,,,,,Haa,"Chelela, Kar-tshog Gewog, Haa ; about 10 km SW of Paro",27.38,89.33,A,2021.0,,,,,,,,,,,BTd9,,,,,2021.0,,,,,,,,,,,,,,https://openjicareport.jica.go.jp/pdf/12357372.pdf,,,,https://openjicareport.jica.go.jp/pdf/12357372.pdf,,,,,,,,http://www.citypopulation.de/en/bhutan/admin/,,,,,
Indopacific,INDOPAC_Mineral_Development,Sri Lanka,M1 Development,EL/361; Malsiripura Project; M1,LKd01,,Graphite,Crude,Construction,Mines and Quarries,,,,,JADS Enterprises Pvt. Ltd.,Plumbago Refining Corp. B. V. (Ceylon Graphite Corp. (CYL)) [100%],,,,North Western,"Ibbagamuwa, Kurunegala, North Western; about 30 km NE of Kurunegala",7.69,80.53,A,2022.0,,,,,,,,,,,LKd1,,,,,2022.0,,,,,,,,,,,,,,https://www.ceylongraphite.com/work-sites/m1-development/,https://www.ceylongraphite.com/wp-content/uploads/2018/12/CYL-Malsiripura-Complete-Report_signed_reduced.pdf,,,https://www.ceylongraphite.com/work-sites/m1-development/,https://www.ceylongraphite.com/news/ceylon-graphite-cyl-industrial-mining-license-for-the-m1-mining-project-granted/,https://www.ceylongraphite.com/work-sites/m1-development/,,https://www.ceylongraphite.com/wp-content/uploads/2018/12/CYL-Malsiripura-Complete-Report_signed_reduced.pdf,https://www.ceylongraphite.com/work-sites/m1-development/,,,,,,,,
Indopacific,INDOPAC_Mineral_Exploration,Bhutan,Depchasa Dorjamsa ,Dapchasa-Dorjomsa,BTx002,,Graphite,,Inactive,,,,,,,,,,,Chhukha,"Depchasa Dorjamsa, Bjagchhog Gewog, Chhukha ; about 12 km E of Chimakha",27.1,89.65,A,2021.0,,,,,,,,,,,BTx2,,,,,2021.0,,,,,,,,,,,,,,https://openjicareport.jica.go.jp/pdf/12357372.pdf,https://repository.unescap.org/bitstream/handle/20.500.12870/4712/ESCAP-1991-MN-Atlas-mineral-resources-ESCAP-region-vol-8-map.pdf?sequence=2,,,https://openjicareport.jica.go.jp/pdf/12357372.pdf,,,,https://openjicareport.jica.go.jp/pdf/12357372.pdf,,,,,,,,,
Indopacific,INDOPAC_Mineral_Exploration,Bhutan,Dunga ,Donga,BTx003,,Graphite,,Inactive,,,,,,,,,,,Chhukha,"Bongo Gewog, Chhukha ; about 10 km NE of Gedu",26.97,89.61,A,2021.0,,,,,,,,,,,BTx3,,,,,2021.0,,,,,,,,,,,,,,https://openjicareport.jica.go.jp/pdf/12357372.pdf,https://repository.unescap.org/bitstream/handle/20.500.12870/4712/ESCAP-1991-MN-Atlas-mineral-resources-ESCAP-region-vol-8-map.pdf?sequence=2,,,https://openjicareport.jica.go.jp/pdf/12357372.pdf,,,,https://openjicareport.jica.go.jp/pdf/12357372.pdf,,,,,,,,,
Indopacific,INDOPAC_Mineral_Exploration,Bhutan,Khepcheshi ,Khepchishi; Khepchishi Hill,BTx006,,Graphite,,Preliminary Study,,,,,,State Mining Corp. Ltd. (SMCL),Druk Holding & Investments Ltd. [100%],,,,Haa,"Chelela, Uesu Gewog, Haa ; about 6 km NE of Takchu",27.38,89.33,A,2021.0,,,,,,,,,,,BTx6,,,,,2021.0,,,,,,,,,,,,,,https://www.smcl.bt/#/,https://openjicareport.jica.go.jp/pdf/12357372.pdf,,,https://www.smcl.bt/#/,https://openjicareport.jica.go.jp/pdf/12357372.pdf,https://www.smcl.bt/#/,https://dhi.bt/,https://www.smcl.bt/#/,https://openjicareport.jica.go.jp/pdf/12357372.pdf,,,,,,,,
Indopacific,INDOPAC_Mineral_Exploration,Burma,Dokhta Chaung,,MMx001,,Copper,,Inactive,,,,,,Horizon Mines Ltd.,Horizon Mines Ltd.,,,,Ayeyarwady Region,"Pathein District, Ayeyarwady Region; about 82 km NW of Yangon",17.17,94.81,A,2014.0,Gold,Graphite,Zinc,Lead,,,,,,,MMx1,,,,,2014.0,,,,,,,,,,,,,,https://hotcopper.com.au/threads/ann-september-2013-quarterly-activities-report.2106211/,https://www.google.com/maps,,,,,http://www.discoveryafrica.com.au/irm/PDF/25366571-524d-492d-94d2-5f71fe935bae/ClarificationampCorrectionMyanmarProject,https://hotcopper.com.au/threads/ann-september-2013-quarterly-activities-report.2106211/,https://hotcopper.com.au/threads/ann-september-2013-quarterly-activities-report.2106211/,,,,,,,,,
Indopacific,INDOPAC_Mineral_Exploration,Burma,Letpadan,Letpadaung,MMx005,,Copper,,Inactive,,,,,,Horizon Mines Ltd.,Horizon Mines Ltd.,,,,Bago Region,"Tharrawaddy District, Bago Region; about 33 km NW of Bago",17.78,95.75,A,2014.0,Gold,Graphite,Zinc,Lead,,,,,,,MMx5,,,,,2014.0,,,,,,,,,,,,,,https://hotcopper.com.au/threads/ann-september-2013-quarterly-activities-report.2106211/,https://www.google.com/maps,,,,,http://www.discoveryafrica.com.au/irm/PDF/25366571-524d-492d-94d2-5f71fe935bae/ClarificationampCorrectionMyanmarProject,https://hotcopper.com.au/threads/ann-september-2013-quarterly-activities-report.2106211/,https://hotcopper.com.au/threads/ann-september-2013-quarterly-activities-report.2106211/,,,,,,,,,
Indopacific,INDOPAC_Mineral_Exploration,Burma,Shwebo,,MMx056,,Copper,,Inactive,,,,,,Horizon Mines Ltd.,Horizon Mines Ltd.,,,,Sagaing Region,"Shwebo District, Sagaing Region; about 109 km NNW of Mandalay",22.57,95.7,A,2014.0,Gold,Graphite,Zinc,Lead,,,,,,,MMx56,,,,,2014.0,,,,,,,,,,,,,,https://hotcopper.com.au/threads/ann-september-2013-quarterly-activities-report.2106211/,https://www.google.com/maps,,,,,http://www.discoveryafrica.com.au/irm/PDF/25366571-524d-492d-94d2-5f71fe935bae/ClarificationampCorrectionMyanmarProject,https://hotcopper.com.au/threads/ann-september-2013-quarterly-activities-report.2106211/,https://hotcopper.com.au/threads/ann-september-2013-quarterly-activities-report.2106211/,,,,,,,,,
Indopacific,INDOPAC_Mineral_Exploration,"Korea, South",Daewon,Yangdeokwon 50-2 (200917),KRx002,,Graphite,,Exploration,,,,,,"Korea Graphite Co., Ltd.","Korean Resources Pty. Ltd. (MGM O'Connor Corporate Advisory Pty. Ltd., 77.5%, and Xantippe Resources Ltd. (XTC), 22.5%) [100%]",,,,Gangwon,"Chuncheon, Gangwon; about 25 km N of Wonju-si",37.51,127.93,A,2022.0,,,,,,,,,,,KRx2,,,,,2022.0,,,,,,,,,,,,,,"https://earth.google.com/web/search/37.506130,+127.927920/@37.50613,127.92792,492.74244913a,817.37231163d,35y,0h,45t,0r/data=ClkaLxIpGSLDKt7IwEJAIXpTkQpj-19AKhUzNy41MDYxMzAsIDEyNy45Mjc5MjAYAiABIiYKJAkwfYUYNQM1QBEvfYUYNQM1wBmqISuZxblJQCGnISuZxblJwCgC",http://www.desertenergy.com.au/wp-content/uploads/Daewon-Graphite-high-grade-concentrate-and-other-new-projects-270617.pdf,,,https://www.investi.com.au/api/announcements/xtc/6782f9b2-583.pdf,https://www.asx.com.au/asxpdf/20180928/pdf/43ytc0twrd4xsf.pdf,http://www.desertenergy.com.au/graphite-projects-in-south-korea/,http://xantippe.com.au/wp-content/uploads/2020/04/XTC-name-change-230120-Amend-1.pdf,https://www.marketscreener.com/quote/stock/XANTIPPE-RESOURCES-LIMITE-17632503/news/Peninsula-Mines-Ltd-Announces-Daewon-Graphite-Project-Excellent-Metallurgical-Results-Four-New-Fla-35045734/,https://www.proactiveinvestors.ca/companies/news/166119/peninsula-mines-ltd-identifies-jumbo-sized-flake-graphite-in-south-korea-71096.html,,,https://www.investi.com.au/api/announcements/xtc/6782f9b2-583.pdf,,,,,
Indopacific,INDOPAC_Mineral_Exploration,"Korea, South",Taehwa Project,Hongcheon 91-2; Taehwa,KRx006,,Graphite,,Exploration,,,,,,Battery Mineral Resources Ltd.,Battery Mineral Resources Ltd. [100%],,,,Gangwon,"Chuncheon, Gangwon; about 10 km SE of Chuncheon",37.83,127.85,A,2022.0,,,,,,,,,,,KRx6,,,,,2022.0,,,,,,,,,,,,,,https://bmrcorp.com/projects/graphite/guemam-graphite/,https://www.google.com/maps,,,https://bmrcorp.com/site/assets/files/6390/financial_statements_september_30-_2022.pdf,,https://bmrcorp.com/site/assets/files/6390/financial_statements_september_30-_2022.pdf,,https://bmrcorp.com/projects/graphite/guemam-graphite/,,,,,,,,,
Indopacific,INDOPAC_Mineral_Exploration,"Korea, South",Gapyeong,Gapyeong 124-4 (201099); Gapyeong 125-3 (201038),KRx007,,Graphite,,Exploration,,,,,,"Korea Graphite Co., Ltd.","Korean Resources Pty. Ltd. (MGM O'Connor Corporate Advisory Pty. Ltd., 77.5%, and Xantippe Resources Ltd. (XTC), 22.5%) [100%]",,,,Gyeonggi,"Gapyeong, Gyeonggi; about 22 km SW of Chuncheon",37.76,127.54,A,2022.0,,,,,,,,,,,KRx7,,,,,2022.0,,,,,,,,,,,,,,http://web.archive.org/web/20180311212134/http://peninsulamines.com.au/wp-content/uploads/2018/02/Quarterly-Activities-and-Cash-Flow-Report-December-17.pdf,https://www.google.com/maps,,,https://www.investi.com.au/api/announcements/xtc/a7f4702d-779.pdf,,http://web.archive.org/web/20180311212134/http://peninsulamines.com.au/wp-content/uploads/2018/02/Quarterly-Activities-and-Cash-Flow-Report-December-17.pdf,https://www.investi.com.au/api/announcements/xtc/6782f9b2-583.pdf,http://web.archive.org/web/20180311212134/http://peninsulamines.com.au/wp-content/uploads/2018/02/Quarterly-Activities-and-Cash-Flow-Report-December-17.pdf,,,,http://xantippe.com.au/wp-content/uploads/2020/04/XTC-name-change-230120-Amend-1.pdf,,,,,
Indopacific,INDOPAC_Mineral_Exploration,"Korea, South",Janggohang,,KRx012,,Graphite,,Inactive,,,,,,"Korea Graphite Co., Ltd.","Korean Resources Pty. Ltd. (MGM O'Connor Corporate Advisory Pty. Ltd., 77.5%, and Xantippe Resources Ltd. (XTC), 22.5%) [100%]",,,,North Chungcheong,"Dangjin, North Chuncheong; about 16 km NW of Dangjin",37.02,126.53,A,2016.0,,,,,,,,,,,KRx12,,,,,2016.0,,,,,,,,,,,,,,"https://earth.google.com/web/search/37.016,+126.533/@37.01642841,126.53360131,39.18355988a,2272.46163579d,35y,47.6050631h,44.77973339t,0r/data=ClMaKRIjGTVeukkMgkJAIScxCKwcol9AKg8zNy4wMTYsIDEyNi41MzMYAiABIiYKJAk5dr4jNQM1QBElhEwNNQM1wBk0nzeyxblJQCGDlIeFxblJwA",http://www.desertenergy.com.au/wp-content/uploads/PSM-Graphite-tenements.pdf,,,http://www.desertenergy.com.au/wp-content/uploads/PSM-Graphite-tenements.pdf,https://www.asx.com.au/asxpdf/20160912/pdf/43b3pqltf0m1b7.pdf,https://xantippe.com.au/our-projects/south-korean-assets/,http://xantippe.com.au/wp-content/uploads/2020/04/XTC-name-change-230120-Amend-1.pdf,https://www.engineeringnews.co.za/article/peninsula-upbeat-about-south-korea-graphite-projects-2016-06-21,http://www.desertenergy.com.au/wp-content/uploads/PSM-Graphite-tenements.pdf,,,https://www.investi.com.au/api/announcements/xtc/6782f9b2-583.pdf,,,,,
Indopacific,INDOPAC_Mineral_Exploration,"Korea, South",Yongwon,Eumseong 22; Eumseong 32; Eumseong 32-1(200811),KRx014,,Graphite,,Exploration,,,,,,"Korea Graphite Co., Ltd.","Korean Resources Pty. Ltd. (MGM O'Connor Corporate Advisory Pty. Ltd., 77.5%, and Xantippe Resources Ltd. (XTC), 22.5%) [100%]",,,,North Chungcheong,"Chungju, North Chungcheong; about 15 km W of Cheongju-si",36.98,127.69,A,2021.0,,,,,,,,,,,KRx14,,,,,2021.0,,,,,,,,,,,,,,https://www.investi.com.au/api/announcements/xtc/3f9161f6-0ae.pdf,https://www.google.com/maps,,,https://www.investi.com.au/api/announcements/xtc/a7f4702d-779.pdf,,https://xantippe.com.au/our-projects/south-korean-assets/,https://www.investi.com.au/api/announcements/xtc/6782f9b2-583.pdf,http://web.archive.org/web/20180311212339/http://peninsulamines.com.au/wp-content/uploads/2017/09/Peninsula-Full-Annual-Report-2017-FINAL-TO-LODGE.pdf,,,,http://xantippe.com.au/wp-content/uploads/2020/04/XTC-name-change-230120-Amend-1.pdf,,,,,
Indopacific,INDOPAC_Mineral_Exploration,"Korea, South",Wolmyeong,Cheongsan 69-2 (200812); Cheongsan 69-4 (200812); Cheongsan 79-2 (200813); Cheongsan 79-4 (200813); Cheongsan 89-1 (200814),KRx021,,Graphite,,Exploration,,,,,,"Korea Graphite Co., Ltd.","Korean Resources Pty. Ltd. (MGM O'Connor Corporate Advisory Pty. Ltd., 77.5%, and Xantippe Resources Ltd. (XTC), 22.5%) [100%]",,,,North Gyeongsang,"Sangju, North Gyeongsang; about 30 km E of Okcheon",36.35,127.89,A,2023.0,,,,,,,,,,,KRx21,,,,,2023.0,,,,,,,,,,,,,,http://web.archive.org/web/20180311212339/http://peninsulamines.com.au/wp-content/uploads/2017/09/Peninsula-Full-Annual-Report-2017-FINAL-TO-LODGE.pdf,https://www.google.com/maps,,,https://www.investi.com.au/api/announcements/xtc/a7f4702d-779.pdf,,https://www.investi.com.au/api/announcements/xtc/6782f9b2-583.pdf,http://xantippe.com.au/wp-content/uploads/2020/04/XTC-name-change-230120-Amend-1.pdf,http://web.archive.org/web/20180311212339/http://peninsulamines.com.au/wp-content/uploads/2017/09/Peninsula-Full-Annual-Report-2017-FINAL-TO-LODGE.pdf,,,,,,,,,
Indopacific,INDOPAC_Mineral_Exploration,"Korea, South",Eunha,Hongseong 106-2 (201098); Hongseong 107-1 (201010); Hongseong 97-4 (201101); Hongseong107?2 (201010),KRx024,,Graphite,,Exploration,,,,,,"Korea Graphite Co., Ltd.","Korean Resources Pty. Ltd. (MGM O'Connor Corporate Advisory Pty. Ltd., 77.5%, and Xantippe Resources Ltd. (XTC), 22.5%) [100%]",,,,South Chungcheong,"Hongseong, South Chungcheong; about 23 km SSE of Seosan",36.57,126.52,A,2022.0,,,,,,,,,,,KRx24,,,,,2022.0,,,,,,,,,,,,,,https://www.investi.com.au/api/announcements/xtc/3f9161f6-0ae.pdf,https://www.google.com/maps,,,https://www.investi.com.au/api/announcements/xtc/6782f9b2-583.pdf,,https://www.investi.com.au/api/announcements/xtc/a7f4702d-779.pdf,http://xantippe.com.au/wp-content/uploads/2020/04/XTC-name-change-230120-Amend-1.pdf,https://www.investi.com.au/api/announcements/xtc/3f9161f6-0ae.pdf,,,,https://xantippe.com.au/our-projects/south-korean-assets/,,,,,
Indopacific,INDOPAC_Mineral_Exploration,"Korea, South",Geumam,,KRx025,,Graphite,,Preliminary Study,,,,,,Battery Mineral Resources Ltd.,Battery Mineral Resources Ltd. [100%],,,,South Chungcheong,"Dangsan, South Chungcheong; about 23 km NE of Seosan",36.92,126.65,A,2019.0,,,,,,,,,,,KRx25,,,,,2019.0,,,,,,,,,,,,,,https://bmrcorp.com/projects/graphite/guemam-graphite/,https://www.google.com/maps,,,https://bmrcorp.com/site/assets/files/6390/financial_statements_september_30-_2022.pdf,,https://bmrcorp.com/site/assets/files/6390/financial_statements_september_30-_2022.pdf,,https://bmrcorp.com/projects/graphite/guemam-graphite/,,,,,,,,,
Indopacific,INDOPAC_Mineral_Exploration,Sri Lanka,Pujapitiya,EL 262; Mornakanda; Pujapatiya; Pujapetiya; Pujipitya,LKx001,,Graphite,,Inactive,,,,,,MRL Graphene (PVT) Ltd.,First Graphene Ltd. [100%],,,,Central,"Kandy, Central ; about 13 km NNW of Kandy",7.4,80.59,A,2015.0,,,,,,,,,,,LKx1,,,,,2015.0,,,,,,,,,,,,,,http://www.fareastcapital.com.au/imagesDB/newsletter/MRL21August2015.pdf,,,,https://firstgraphene.net/wp-content/uploads/2022/09/FGR-Annual-Report-FY2022.pdf,https://firstgraphene.net/wp-content/uploads/2020/06/20190830-2019-Annual-Report.pdf,http://www.fareastcapital.com.au/imagesDB/newsletter/MRL21August2015.pdf,,http://www.fareastcapital.com.au/imagesDB/newsletter/MRL21August2015.pdf,,,,,,,,,
Indopacific,INDOPAC_Mineral_Exploration,Sri Lanka,Project Wara South Asia,EL/409; Seruwawila; Serwulia; Wara,LKx004,,Graphite,,Exploration,,,,,,AMECA Mining,AMECA Global,,,,Eastern,"Seruwawila, Seruvila, Trincomalee, Eastern ; about 25 km SE of Trincomalee",8.3933,81.3352,E,2022.0,,,,,,,,,,,LKx4,,,,,2022.0,,,,,,,,,,,,,,https://www.amecamining.com/serwulia,"https://static.wixstatic.com/media/1416ce_1ee6f7ea2dc0448f8d1b503213eb0c87~mv2.png/v1/fill/w_464,h_524,al_c,q_85,usm_0.66_1.00_0.01,enc_auto/Map%20of%20Exploration%20License.png",,,https://www.amecamining.com/serwulia,,https://www.amecamining.com/serwulia,https://www.amecamining.com/seruwila-graphite,https://www.amecamining.com/graphite,https://www.amecamining.com/seruwila-graphite,,,https://www.amecaglobal.com/wara,,,,,
Indopacific,INDOPAC_Mineral_Exploration,Sri Lanka,H1 Development,EL/221; H1; Hakbewa,LKx005,,Graphite,,Exploration,,,,,,Sarcon Development (PVT) Ltd.,Plumbago Refining Corp. B. V. (Ceylon Graphite Corp. (CYL)) [100%],,,,North Central,"Palagala, Anuradhapura, North Central ; about 10 km WNW of Dambulla",7.88,80.56,A,2022.0,,,,,,,,,,,LKx5,,,,,2022.0,,,,,,,,,,,,,,https://www.ceylongraphite.com/work-sites/h1-development/,,,,https://www.ceylongraphite.com/work-sites/h1-development/,,https://www.ceylongraphite.com/work-sites/h1-development/,,https://www.ceylongraphite.com/work-sites/h1-development/,https://graphitedaily.com/ceylon-graphite-announces-discovery-of-new-graphite-veins-and-provides-operational-update/,,,,,,,,
Indopacific,INDOPAC_Mineral_Exploration,Sri Lanka,Graphite Deposit in Udakendawala,,LKx006,,Graphite,,Inactive,,,,,,Graphene Corp. (PVT) Ltd.,Elcora Advanced Materials Corp. [100%],,,,North Western,"Udakendawala, Rideegama, Kurunegala, North Western ; about 26 km NE of Kurunegala",7.63,80.54,A,2014.0,,,,,,,,,,,LKx6,,,,,2014.0,,,,,,,,,,,,,,https://www.capitaliq.spglobal.com/web/client?auth=inherit#metalsAndMiningProperty/location?ID=67715,https://www.google.com/maps/,,,https://www.capitaliq.spglobal.com/web/client?auth=inherit#metalsAndMiningProperty/profile?ID=67715,,https://secure.kaiserresearch.com/s8/ResearchTools.asp?ReportID=600582,https://investingnews.com/daily/resource-investing/battery-metals-investing/graphite-investing/elcora-resources-to-acquire-sri-lankas-graphene-corp/,https://investingnews.com/daily/resource-investing/battery-metals-investing/graphite-investing/elcora-resources-to-acquire-sri-lankas-graphene-corp/,,,,,,,,,
Indopacific,INDOPAC_Mineral_Exploration,Sri Lanka,Matale/Kurunegala,EL 211; EL 212; EL/211; EL/247; EL/899; EL/900; Kingfisher; Kurunegala; Matale; Paragoda; Paragoda North; Paragoda South; Sakura,LKx007,,Graphite,,Inactive,,,,,,Bora Bora Resources Ltd.,Bora Bora Resources Ltd.,,,,North Western,"Rideegama, Kurunegala, North Western ; about 33 km NNW of Kandy",7.57,80.53,A,2016.0,,,,,,,,,,,LKx7,,,,,2016.0,,,,,,,,,,,,,,https://www.asx.com.au/asxpdf/20160429/pdf/436vftcyk35f44.pdf,https://www.google.com/maps,,,https://www.asx.com.au/asxpdf/20160429/pdf/436vftcyk35f44.pdf,https://info.creditriskmonitor.com/Report/ReportPreview.aspx?BusinessId=19378028,https://www.graphene-info.com/bora-bora-resources,http://www.aspecthuntley.com.au/asxdata/20150423/pdf/01618510.pdf,https://www.asx.com.au/asxpdf/20160429/pdf/436vftcyk35f44.pdf,,,,https://www.asx.com.au/asxpdf/20160429/pdf/436vftcyk35f44.pdf,,,,,
Indopacific,INDOPAC_Mineral_Exploration,Sri Lanka,AvissaWella Project,,LKx012,,Graphite,,Exploration,,,,,,Margosa Graphite Ltd.,Zeta Resources Ltd. [33%],,,,Sabaragamuwa,"Seethawaka, Colombo, Western ; about 45 km E of Colombo",6.95,80.24,A,2021.0,,,,,,,,,,,LKx12,,,,,2021.0,,,,,,,,,,,,,,https://www.margosagraphite.com/about-us/company-overview/,,,,https://www.margosagraphite.com/wp-content/uploads/2021/11/MargosaGraphiteLimited2021AnnualReport01Nov21.pdf,,https://www.margosagraphite.com/wp-content/uploads/2021/11/MargosaGraphiteLimited2021AnnualReport01Nov21.pdf,,https://www.margosagraphite.com/about-us/company-overview/,,,,https://www.zetaresources.limited/application/files/3616/6415/6410/Zeta_2022_Annual_Report_WEB.pdf,,,,,
Indopacific,INDOPAC_Mineral_Exploration,Sri Lanka,Bopitiya Project,EL/255,LKx013,,Graphite,,Exploration,,,,,,Margosa Graphite Ltd.,Zeta Resources Ltd. [33%],,,,Sabaragamuwa,"Ruwanwella, Kegalle, Sabaragamuwa ; about 50 km NE of Colombo",7.13,80.23,A,2021.0,,,,,,,,,,,LKx13,,,,,2021.0,,,,,,,,,,,,,,https://www.margosagraphite.com/about-us/company-overview/,,,,https://www.margosagraphite.com/wp-content/uploads/2021/11/MargosaGraphiteLimited2021AnnualReport01Nov21.pdf,,https://www.margosagraphite.com/wp-content/uploads/2021/11/MargosaGraphiteLimited2021AnnualReport01Nov21.pdf,,https://www.margosagraphite.com/about-us/company-overview/,,,,https://www.zetaresources.limited/application/files/3616/6415/6410/Zeta_2022_Annual_Report_WEB.pdf,,,,,
Indopacific,INDOPAC_Mineral_Exploration,Sri Lanka,Dumbara Project,EL/264; EL/311; EL/312; EL/313,LKx015,,Graphite,,Exploration,,,,,,Margosa Graphite Ltd.,Zeta Resources Ltd. [33%],,,,Sabaragamuwa,"Keenagahawila, Ayagama, Ratnapura, Sabaragamuwa ; about 55 km SE of Colombo",6.73,80.21,A,2021.0,,,,,,,,,,,LKx15,,,,,2021.0,,,,,,,,,,,,,,https://www.margosagraphite.com/projects/dumbara/,https://www.margosagraphite.com/about-us/company-overview/,,,https://www.margosagraphite.com/wp-content/uploads/2021/11/MargosaGraphiteLimited2021AnnualReport01Nov21.pdf,,https://www.margosagraphite.com/projects/dumbara/,https://www.margosagraphite.com/wp-content/uploads/2021/11/MargosaGraphiteLimited2021AnnualReport01Nov21.pdf,https://www.margosagraphite.com/projects/dumbara/,,,,https://www.zetaresources.limited/application/files/3616/6415/6410/Zeta_2022_Annual_Report_WEB.pdf,,,,,
Indopacific,INDOPAC_Mineral_Exploration,Sri Lanka,Gabbala Project,,LKx016,,Graphite,,Exploration,,,,,,Margosa Graphite Ltd.,Zeta Resources Ltd. [33%],,,,Sabaragamuwa,"Rambukkana, Kegalle, Sabaragamuwa ; about 15 km SSE of Kurunegala",7.35,80.4,A,2021.0,,,,,,,,,,,LKx16,,,,,2021.0,,,,,,,,,,,,,,https://www.margosagraphite.com/about-us/company-overview/,,,,https://www.margosagraphite.com/wp-content/uploads/2021/11/MargosaGraphiteLimited2021AnnualReport01Nov21.pdf,,https://www.margosagraphite.com/wp-content/uploads/2021/11/MargosaGraphiteLimited2021AnnualReport01Nov21.pdf,,https://www.margosagraphite.com/about-us/company-overview/,,,,https://www.zetaresources.limited/application/files/3616/6415/6410/Zeta_2022_Annual_Report_WEB.pdf,,,,,
Indopacific,INDOPAC_Mineral_Exploration,Sri Lanka,Kithulgala Project,EL/270,LKx017,,Graphite,,Exploration,,,,,,Margosa Graphite Ltd.,Zeta Resources Ltd. [33%],,,,Sabaragamuwa,"Malapola, Yatiyanthota, kegalle, Sabaragamuwa ; about 4 km NE of Yatiyanthota",7.05,80.32,A,2021.0,,,,,,,,,,,LKx17,,,,,2021.0,,,,,,,,,,,,,,https://www.margosagraphite.com/projects/kithulgala/,https://www.margosagraphite.com/about-us/company-overview/,,,https://www.margosagraphite.com/wp-content/uploads/2021/11/MargosaGraphiteLimited2021AnnualReport01Nov21.pdf,,https://www.margosagraphite.com/projects/kithulgala/,https://www.margosagraphite.com/wp-content/uploads/2021/11/MargosaGraphiteLimited2021AnnualReport01Nov21.pdf,https://www.margosagraphite.com/projects/kithulgala/,,,,https://www.zetaresources.limited/application/files/3616/6415/6410/Zeta_2022_Annual_Report_WEB.pdf,,,,,
Indopacific,INDOPAC_Mineral_Exploration,Sri Lanka,Kukulaga Project,,LKx018,,Graphite,,Exploration,,,,,,Margosa Graphite Ltd.,Zeta Resources Ltd. [33%],,,,Sabaragamuwa,"Ayagama, Ratnapura, Sabaragamuwa ; about 55 km SE of Colombo",6.67,80.25,A,2021.0,,,,,,,,,,,LKx18,,,,,2021.0,,,,,,,,,,,,,,https://www.margosagraphite.com/about-us/company-overview/,,,,https://www.margosagraphite.com/wp-content/uploads/2021/11/MargosaGraphiteLimited2021AnnualReport01Nov21.pdf,,https://www.margosagraphite.com/wp-content/uploads/2021/11/MargosaGraphiteLimited2021AnnualReport01Nov21.pdf,,https://www.margosagraphite.com/about-us/company-overview/,,,,https://www.zetaresources.limited/application/files/3616/6415/6410/Zeta_2022_Annual_Report_WEB.pdf,,,,,
Indopacific,INDOPAC_Mineral_Exploration,Sri Lanka,Rakwana,,LKx019,,Graphite,,Inactive,,,,,,Bora Bora Resources Ltd.,Bora Bora Resources Ltd.,,,,Sabaragamuwa,"Rakwana, Godakawela, Ratnapura, Sabaragamuwa ; about 65 km NE of Galle",6.47,80.62,A,2014.0,,,,,,,,,,,LKx19,,,,,2014.0,,,,,,,,,,,,,,https://www.asiaminer.com/news/archive/136-2013/july-2013/4766-sri-lanka--bora-bora-gains-additional-land.html#.Y9FTPpLMKUl,,,,https://www.asiaminer.com/news/archive/136-2013/july-2013/4766-sri-lanka--bora-bora-gains-additional-land.html#.Y9FTPpLMKUl,https://www.capitaliq.spglobal.com/web/client?auth=inherit#metalsAndMiningProperty/generalComments?ID=66397,https://www.asiaminer.com/news/archive/136-2013/july-2013/4766-sri-lanka--bora-bora-gains-additional-land.html#.Y6SYpHbMKUk,,https://www.asiaminer.com/news/archive/136-2013/july-2013/4766-sri-lanka--bora-bora-gains-additional-land.html#.Y9FTPpLMKUl,,,,,,,,,
Indopacific,INDOPAC_Mineral_Exploration,Sri Lanka,Waharaka Project,EL/294,LKx020,,Graphite,,Exploration,,,,,,Margosa Graphite Ltd.,Zeta Resources Ltd. [33%],,,,Sabaragamuwa,"Amithirigala, Ruwanwella, Kegalle, Sabaragamuwa ; about 40 km E of Colombo",7.04,80.2,A,2021.0,,,,,,,,,,,LKx20,,,,,2021.0,,,,,,,,,,,,,,https://www.margosagraphite.com/projects/waharaka/,https://www.margosagraphite.com/about-us/company-overview/,,,https://www.margosagraphite.com/wp-content/uploads/2021/11/MargosaGraphiteLimited2021AnnualReport01Nov21.pdf,,https://www.margosagraphite.com/projects/waharaka/,https://www.margosagraphite.com/wp-content/uploads/2021/11/MargosaGraphiteLimited2021AnnualReport01Nov21.pdf,https://www.margosagraphite.com/projects/waharaka/,,,,https://www.zetaresources.limited/application/files/3616/6415/6410/Zeta_2022_Annual_Report_WEB.pdf,,,,,
Indopacific,INDOPAC_Mineral_Exploration,Sri Lanka,Warakapola,Bopitiya; Dedigama; EL 228; EL/225; EL/226; EL/227; EL/231; EL/243; EL/244; EL/262; EL/318; EL/321; EL/322; EL/325; EL/326; IML/A/HO/9405; IML/C/HO/8416; Pandeniya,LKx021,,Graphite,,Inactive,,,,,,MRL Graphene (PVT) Ltd.,First Graphene Ltd. [100%],,,,Sabaragamuwa,"Warakapola, Kegalle, Sabaragamuwa ; about 46 km NE of Colombo",7.17,80.19,A,2022.0,,,,,,,,,,,LKx21,,,,,2022.0,,,,,,,,,,,,,,http://www.fareastcapital.com.au/imagesDB/newsletter/MRL21August2015.pdf,,,,https://firstgraphene.net/wp-content/uploads/2022/09/FGR-Annual-Report-FY2022.pdf,https://firstgraphene.net/wp-content/uploads/2020/06/20190830-2019-Annual-Report.pdf,https://firstgraphene.net/wp-content/uploads/2022/09/FGR-Annual-Report-FY2022.pdf,https://www.proactiveinvestors.com.au/companies/news/136028/mrl-corporation-targets-graphite-production-in-sri-lanka-by-2015-53439.html,https://firstgraphene.net/wp-content/uploads/austocks/fgr/2016_03_17_FGR_1458201623.pdf,,,,https://firstgraphene.net/wp-content/uploads/2020/06/20160928-2016-Annual-Report.pdf,,,,,
Indopacific,INDOPAC_Mineral_Exploration,Sri Lanka,Ambalangoda,,LKx022,,Graphite,,Inactive,,,,,,Bora Bora Resources Ltd.,Bora Bora Resources Ltd.,,,,Southern,"Baddegama, Galle, Southern ; about 11 km N of Galle",6.13,80.22,A,2017.0,,,,,,,,,,,LKx22,,,,,2017.0,,,,,,,,,,,,,,https://www.asx.com.au/asxpdf/20131031/pdf/42kht4vg9xktq6.pdf,,,,https://www.capitaliq.spglobal.com/web/client?auth=inherit#metalsAndMiningProperty/profile?id=66738,,https://www.asx.com.au/asxpdf/20130522/pdf/42g13lqrvxnljm.pdf,http://www.aspecthuntley.com.au/asxdata/20150423/pdf/01618510.pdf,http://www.aspecthuntley.com.au/asxdata/20150423/pdf/01618510.pdf,,,,,,,,,
Indopacific,INDOPAC_Mineral_Exploration,Sri Lanka,Hilladuwa,Hikkaduwa,LKx024,,Graphite,,Inactive,,,,,,MRL Graphene (PVT) Ltd.,First Graphene Ltd. [100%],,,,Southern,"Galle, Southern ; about 16 km NW of Galle",6.15,80.14,A,2015.0,,,,,,,,,,,LKx24,,,,,2015.0,,,,,,,,,,,,,,http://www.fareastcapital.com.au/imagesDB/newsletter/MRL21August2015.pdf,,,,https://firstgraphene.net/wp-content/uploads/2022/09/FGR-Annual-Report-FY2022.pdf,https://firstgraphene.net/wp-content/uploads/2020/06/20190830-2019-Annual-Report.pdf,http://www.fareastcapital.com.au/imagesDB/newsletter/MRL21August2015.pdf,,http://www.fareastcapital.com.au/imagesDB/newsletter/MRL21August2015.pdf,,,,,,,,,
Indopacific,INDOPAC_Mineral_Exploration,Sri Lanka,Neluwa,,LKx025,,Graphite,,Inactive,,,,,,Bora Bora Resources Ltd.,Bora Bora Resources Ltd.,,,,Southern,"Neluwa, Galle, Southern ; about 45 km NE of Galle",6.4,80.39,A,2017.0,,,,,,,,,,,LKx25,,,,,2017.0,,,,,,,,,,,,,,https://www.asx.com.au/asxpdf/20131031/pdf/42kht4vg9xktq6.pdf,,,,https://www.capitaliq.spglobal.com/web/client?auth=inherit#metalsAndMiningProperty/profile?id=66740,,https://investingnews.com/daily/resource-investing/battery-metals-investing/graphite-investing/bora-boras-neluwa-and-baduraliya-graphite-projects-receive-independent-assessment/,https://www.asiaminer.com/news/archive/136-2013/july-2013/4766-sri-lanka--bora-bora-gains-additional-land.html#.Y6SYpHbMKUk,https://www.asx.com.au/asxpdf/20131031/pdf/42kht4vg9xktq6.pdf,,,,,,,,,
Indopacific,INDOPAC_Mineral_Exploration,Sri Lanka,Aluketiya Project,EL/218,LKx026,,Graphite,,Exploration,,,,,,Margosa Graphite Ltd.,Zeta Resources Ltd. [33%],,,,Western,"Meegahathenna, Walallavita, Kalutara, Western ; about 15 km NNE of Elpitiya",6.42,80.19,A,2021.0,,,,,,,,,,,LKx26,,,,,2021.0,,,,,,,,,,,,,,https://www.margosagraphite.com/projects/aluketiya/,https://www.margosagraphite.com/about-us/company-overview/,,,https://www.margosagraphite.com/wp-content/uploads/2021/11/MargosaGraphiteLimited2021AnnualReport01Nov21.pdf,,https://www.margosagraphite.com/projects/aluketiya/,https://www.margosagraphite.com/wp-content/uploads/2021/11/MargosaGraphiteLimited2021AnnualReport01Nov21.pdf,https://www.margosagraphite.com/projects/aluketiya/,,,,https://www.zetaresources.limited/application/files/3616/6415/6410/Zeta_2022_Annual_Report_WEB.pdf,,,,,
Indopacific,INDOPAC_Mineral_Exploration,Sri Lanka,Baduralia,Baduraliya,LKx027,,Graphite,,Inactive,,,,,,Bora Bora Resources Ltd.,Bora Bora Resources Ltd.,,,,Western,"Palindanuwara, Kalutara, Western ; about 54 km N of Galle",6.52,80.25,A,2017.0,,,,,,,,,,,LKx27,,,,,2017.0,,,,,,,,,,,,,,https://www.asx.com.au/asxpdf/20131031/pdf/42kht4vg9xktq6.pdf,,,,https://www.capitaliq.spglobal.com/web/client?auth=inherit#metalsAndMiningProperty/profile?id=66741,,https://investingnews.com/daily/resource-investing/battery-metals-investing/graphite-investing/bora-boras-neluwa-and-baduraliya-graphite-projects-receive-independent-assessment/,https://www.asiaminer.com/news/archive/136-2013/july-2013/4766-sri-lanka--bora-bora-gains-additional-land.html#.Y6SYpHbMKUk,https://www.asx.com.au/asxpdf/20131031/pdf/42kht4vg9xktq6.pdf,,,,,,,,,
Indopacific,INDOPAC_Mineral_Exploration,Sri Lanka,Beruwala,EL266; Palayangoda,LKx028,,Graphite,,Inactive,,,,,,Lanka Graphite Ltd.,Lanka Graphite Ltd.,,,,Western,"Maggona, Western ; about 47 km SE of Colombo",6.52,80.0153,E,2021.0,,,,,,,,,,,LKx28,,,,,2021.0,,,,,,,,,,,,,,https://www.asx.com.au/asxpdf/20160129/pdf/434pn1qbf286h7.pdf,https://web.archive.org/web/20210518140848/https://lankagraphite.com.au/beruwala-dodangoda/,,,https://www.capitaliq.spglobal.com/web/client?auth=inherit#news/docviewer?id=57555725,,https://www.asx.com.au/asxpdf/20160129/pdf/434pn1qbf286h7.pdf,https://web.archive.org/web/20210518134140/https://lankagraphite.com.au/projects/lanka-graphite-project/,https://web.archive.org/web/20210518140848/https://lankagraphite.com.au/beruwala-dodangoda/,,,,,,,,,
Indopacific,INDOPAC_Mineral_Exploration,Sri Lanka,Dehiowita Project,EL/319,LKx029,,Graphite,,Exploration,,,,,,Margosa Graphite Ltd.,Zeta Resources Ltd. [33%],,,,Western,"Seethawaka, Colombo, Western ; about 45 km E of Colombo",6.94,80.22,A,2021.0,,,,,,,,,,,LKx29,,,,,2021.0,,,,,,,,,,,,,,https://www.margosagraphite.com/about-us/company-overview/,,,,https://www.margosagraphite.com/wp-content/uploads/2021/11/MargosaGraphiteLimited2021AnnualReport01Nov21.pdf,,https://www.margosagraphite.com/wp-content/uploads/2021/11/MargosaGraphiteLimited2021AnnualReport01Nov21.pdf,,https://www.margosagraphite.com/about-us/company-overview/,,,,https://www.zetaresources.limited/application/files/3616/6415/6410/Zeta_2022_Annual_Report_WEB.pdf,,,,,
Indopacific,INDOPAC_Mineral_Exploration,Sri Lanka,Hal Project,Han Tal Project,LKx030,,Graphite,,Inactive,,,,,,Han Tal Holdings,Saint Jean Carbon Inc.,,,,Western,"Helamba, Mathugama, Kalutara, Western ; about 51 km SE of Colombo",6.55,80.12,A,2014.0,,,,,,,,,,,LKx30,,,,,2014.0,,,,,,,,,,,,,,https://www.capitaliq.spglobal.com/web/client?auth=inherit#metalsAndMiningProperty/location?ID=67602,https://www.google.com/maps,,,https://www.capitaliq.spglobal.com/web/client?auth=inherit#metalsAndMiningProperty/location?ID=67602,,https://www.proactiveinvestors.com/companies/news/103602/saint-jean-carbon-gets-tsx-exchange-approval-to-close-sri-lanka-acquisition-57330.html,,https://www.proactiveinvestors.com/companies/news/103602/saint-jean-carbon-gets-tsx-exchange-approval-to-close-sri-lanka-acquisition-57330.html,,,,,,,,,
Indopacific,INDOPAC_Mineral_Exploration,Sri Lanka,Mathugama,Bopotiya; EL267,LKx031,,Graphite,,Inactive,,,,,,Lanka Graphite Ltd.,Lanka Graphite Ltd.,,,,Western,"Matugama, Western ; about 48 km SE of Colombo",6.54,80.09,A,2021.0,,,,,,,,,,,LKx31,,,,,2021.0,,,,,,,,,,,,,,https://www.asx.com.au/asxpdf/20160129/pdf/434pn1qbf286h7.pdf,https://web.archive.org/web/20210518130404/https://lankagraphite.com.au/mathugama-dodangoda/,,,https://www.capitaliq.spglobal.com/web/client?auth=inherit#news/docviewer?id=57555725,,https://www.asx.com.au/asxpdf/20160129/pdf/434pn1qbf286h7.pdf,https://web.archive.org/web/20210518134140/https://lankagraphite.com.au/projects/lanka-graphite-project/,https://www.asx.com.au/asxpdf/20160129/pdf/434pn1qbf286h7.pdf,,,,,,,,,
Indopacific,INDOPAC_Mineral_Exploration,Sri Lanka,P1 Development,EL/222; P1; Pasyala,LKx032,,Graphite,,Exploration,,,,,,Sarcon Development (PVT) Ltd.,Plumbago Refining Corp. B. V. (Ceylon Graphite Corp. (CYL)) [100%],,,,Western,"Pasyala, Mirigama, Gampaha, Western ; about 38 km NE of Colombo",7.17,80.11,A,2022.0,,,,,,,,,,,LKx32,,,,,2022.0,,,,,,,,,,,,,,https://www.ceylongraphite.com/work-sites/p1-development/,,,,https://www.ceylongraphite.com/work-sites/p1-development/,,https://www.ceylongraphite.com/work-sites/p1-development/,,https://www.ceylongraphite.com/work-sites/p1-development/,,,,,,,,,
Indopacific,INDOPAC_Mineral_Exploration,Sri Lanka,Palinda Nuwara,,LKx033,,Graphite,,Inactive,,,,,,MRL Graphene (PVT) Ltd.,First Graphene Ltd. [100%],,,,Western,"Kalutara, Western ; about 14 km E of Agalawatta",6.54,80.28,A,2015.0,,,,,,,,,,,LKx33,,,,,2015.0,,,,,,,,,,,,,,http://www.fareastcapital.com.au/imagesDB/newsletter/MRL21August2015.pdf,,,,https://firstgraphene.net/wp-content/uploads/2022/09/FGR-Annual-Report-FY2022.pdf,https://firstgraphene.net/wp-content/uploads/2020/06/20190830-2019-Annual-Report.pdf,http://www.fareastcapital.com.au/imagesDB/newsletter/MRL21August2015.pdf,,http://www.fareastcapital.com.au/imagesDB/newsletter/MRL21August2015.pdf,,,,,,,,,
Indopacific,INDOPAC_Mineral_Exploration,Sri Lanka,Ridee Ganga Project,EL/219; Pathakada Exploration License,LKx034,,Graphite,,Preliminary Study,,,,,,Margosa Graphite Ltd.,Zeta Resources Ltd. [33%],,,,Western,"Remunagoda, Millaniya, Kalutara, Western ; about 40 km SE of Colombo",6.61,80.04,A,2021.0,,,,,,,,,,,LKx34,,,,,2021.0,,,,,,,,,,,,,,https://www.margosagraphite.com/projects/pathakada/,https://www.margosagraphite.com/about-us/company-overview/,,,https://www.margosagraphite.com/wp-content/uploads/2021/11/MargosaGraphiteLimited2021AnnualReport01Nov21.pdf,https://www.margosagraphite.com/projects/pathakada/,https://www.margosagraphite.com/projects/pathakada/,https://www.margosagraphite.com/wp-content/uploads/2021/11/MargosaGraphiteLimited2021AnnualReport01Nov21.pdf,https://www.margosagraphite.com/projects/pathakada/,https://www.margosagraphite.com/projects/pathakada/,,,https://www.zetaresources.limited/application/files/3616/6415/6410/Zeta_2022_Annual_Report_WEB.pdf,,,,,
Indopacific,INDOPAC_Mineral_Exploration,Sri Lanka,Yattawatura Project,EL/271,LKx035,,Graphite,,Exploration,,,,,,Margosa Graphite Ltd.,Zeta Resources Ltd. [33%],,,,Western,"Padukka, Colombo, Western ; about 45 km ESE of Colombo",6.86,80.16,A,2021.0,,,,,,,,,,,LKx35,,,,,2021.0,,,,,,,,,,,,,,https://www.margosagraphite.com/about-us/company-overview/,,,,https://www.margosagraphite.com/wp-content/uploads/2021/11/MargosaGraphiteLimited2021AnnualReport01Nov21.pdf,,https://www.margosagraphite.com/wp-content/uploads/2021/11/MargosaGraphiteLimited2021AnnualReport01Nov21.pdf,,https://www.margosagraphite.com/about-us/company-overview/,,,,https://www.zetaresources.limited/application/files/3616/6415/6410/Zeta_2022_Annual_Report_WEB.pdf,,,,,
SW Asia,SWA_Mineral_Facilties,India,Mine in Jharkhand Province,,IND298,Metal,Graphite,,C&M,Mines and Quarries,,56000.0,mt,,Sri Krishna Kumar Poddar,,,,,Jharkhand,"Murma, Stabarwa District, Jharkhand",23.83,85.43,A,2018.0,,,,,,,,,,,IND298,N,N,,2018.0,,,,,,,,,,,,,"USGS 2018 Minerals Yearbook, Vol. III, India Country Chapter, Table 2; various other USGS, industry, geologic research, and company reports; various mining databases",Google Earth,,,,,,,,,,,,,,,,,,
SW Asia,SWA_Mineral_Facilties,India,Quarry in Tamil Nadu Province,,IND659,Metal,Graphite,,Assumed Active,Mines and Quarries,,-999.999,,,Tamil Nadu Minerals Ltd.,Government of India [100%],,,,Tamil Nadu,"Pudupatti, Kumaripatti and Senthiudayanathapuram Villages of Sivaganga taluk, Sivagangai District, Tamil Nadu",11.35,78.18,A,2018.0,,,,,,,,,,,,Y,N,,2018.0,,,,,,,,,,,,,"USGS 2018 Minerals Yearbook, Vol. III, India Country Chapter, Table 2; various other USGS, industry, geologic research, and company reports; various mining databases",Google Earth,,,,,,,,,,,,,,,,,,
SW Asia,SWA_Mineral_Facilties,India,Tamil Nadu Minerals Graphite Benefication Plant,,IND758,Metal,Graphite,,Assumed Active,Mines and Quarries,,7000.0,mt,,Tamil Nadu Minerals Ltd.,Government of India [100%],,,,Tamil Nadu,"Senthi Udayanathapuram Village, Sivaganga District, Tamil Nadu",11.35,78.18,A,2018.0,,,,,,,,,,,IND758,N,N,,2018.0,,,,,,,,,,,,,"USGS 2018 Minerals Yearbook, Vol. III, India Country Chapter, Table 2; various other USGS, industry, geologic research, and company reports; various mining databases",Google Earth,,,,,,,,,,,,,,,,,,
SW Asia,SWA_Mineral_Facilties,"Korea, North",Sinwon Mine,,PRK017,Industrial,Graphite,,Assumed Active,Mines and Quarries,,-999.999,,,,,,,,Ryanggang,"Sinwon Mine, Sinwon-ri, Kimhyonggwon Co, Ryanggang Province",40.8448,128.0808,E,2018.0,,,,,,,,,,,PRK17,N,N,,2018.0,,,,,,,,,,,,,"USGS 2018 Minerals Yearbook, Vol. III, North Korea Country Chapter, Table 2; various other USGS, industry, geologic research, and company reports; various mining databases",Google Earth,,,,,,,,,,,,,,,,,,
SW Asia,SWA_Mineral_Facilties,"Korea, North",Wonri Mine,,PRK035,Industrial,Graphite,Graphite (amorphous),Assumed Active,Mines and Quarries,,1000.0,mt,E,Ministry of Metallurgical Industry,,,,,South Pyongan,"Wonri Mine, Kaechon, Gaecheon, South Pyongan Province",39.7633,125.9213,E,2018.0,,,,,,,,,,,PRK35,N,N,,2018.0,,,,,,,,,,,,,"USGS 2018 Minerals Yearbook, Vol. III, North Korea Country Chapter, Table 2; various other USGS, industry, geologic research, and company reports; various mining databases",Google Earth,,,,,,,,,,,,,,,,,,
SW Asia,SWA_Mineral_Facilties,"Korea, North",Yongchon (Ryongchon) Mine,,PRK041,Industrial,Graphite,,C&M,Mines and Quarries,,-999.999,,,,,,,,North Pyongan,"Yongchon, Ryongchon Mine, Inheung-ri, Yongchon, Ryongchon Co, North Pyongan Province",39.9741,124.4177,E,2018.0,,,,,,,,,,,PRK41,N,N,,2018.0,,,,,,,,,,,,,"USGS 2018 Minerals Yearbook, Vol. III, North Korea Country Chapter, Table 2; various other USGS, industry, geologic research, and company reports; various mining databases",Google Earth,,,,,,,,,,,,,,,,,,
SW Asia,SWA_Mineral_Facilties,"Korea, North",Heungsan Mine,,PRK081,Industrial,Graphite,Graphite (crystalline flake),Assumed Active,Mines and Quarries,,2000.0,mt,E,Ministry of Metallurgical Industry,,,,,South Hwanghae,"Heungsan Mine, Chungdan County, South Hwanghae Province",37.988,125.9998,E,2018.0,,,,,,,,,,,PRK81,N,N,,2018.0,,,,,,,,,,,,,"USGS 2018 Minerals Yearbook, Vol. III, North Korea Country Chapter, Table 2; various other USGS, industry, geologic research, and company reports; various mining databases",Google Earth,,,,,,,,,,,,,,,,,,
SW Asia,SWA_Mineral_Facilties,"Korea, North",Jeongchon Mine,,PRK092,Industrial,Graphite,Graphite (crystalline flake),Assumed Active,Mines and Quarries,,3000.0,mt,E,Kwangmyongsong General Corp.,,,,,South Hwanghae,"Jeongchon Mine, Yon-an County, South Hwanghae Province",37.9181,126.1135,E,2018.0,,,,,,,,,,,PRK92,N,N,,2018.0,,,,,,,,,,,,,"USGS 2018 Minerals Yearbook, Vol. III, North Korea Country Chapter, Table 2; various other USGS, industry, geologic research, and company reports; various mining databases",Google Earth,,,,,,,,,,,,,,,,,,
SW Asia,SWA_Mineral_Deposits,Afghanistan,Istrombi,,AFd0028,,Graphite,,,,Unknown graphite,,,,,,,,,Badakhshan,,36.1985,70.772,,,,,,,,,,,,,AFd28,,,,,,,,,,Yes,,,,,,,"Schulz and Briskey, 2005 (USGS Open-File Report 2005-1294: https://pubs.usgs.gov/of/2005/1294/); U.S. Geological Survey Mineral Resources Online Spatial Data [https://mrdata.usgs.gov/general/map-global.html]",,,,,,,,,,,,,,,,,,,
SW Asia,SWA_Mineral_Deposits,Afghanistan,Sanglich Graphite,,AFd0052,,Graphite,,,,Unknown graphite,,,,,,,,,Badakhshan,,36.6606,71.3423,,,,,,,,,,,,,AFd52,,,,,,,,,,Yes,,,,,,,"Schulz and Briskey, 2005 (USGS Open-File Report 2005-1294: https://pubs.usgs.gov/of/2005/1294/); U.S. Geological Survey Mineral Resources Online Spatial Data [https://mrdata.usgs.gov/general/map-global.html]",,,,,,,,,,,,,,,,,,,
SW Asia,SWA_Mineral_Deposits,Afghanistan,Yakhdarra,,AFd0110,,Graphite,,,,Unknown graphite,,,,,,,,,Badakhshan,,36.9877,71.3627,,,,,,,,,,,,,AFd110,,,,,,,,,,Yes,,,,,,,"Schulz and Briskey, 2005 (USGS Open-File Report 2005-1294: https://pubs.usgs.gov/of/2005/1294/); U.S. Geological Survey Mineral Resources Online Spatial Data [https://mrdata.usgs.gov/general/map-global.html]",,,,,,,,,,,,,,,,,,,
SW Asia,SWA_Mineral_Deposits,Afghanistan,Khawri,,AFd0520,,Graphite,,,,Unknown graphite,,,,,,,,,Kabul,,34.2171,69.7516,,,,,,,,,,,,,AFd520,,,,,,,,,,Yes,,,,,,,"Schulz and Briskey, 2005 (USGS Open-File Report 2005-1294: https://pubs.usgs.gov/of/2005/1294/); U.S. Geological Survey Mineral Resources Online Spatial Data [https://mrdata.usgs.gov/general/map-global.html]",,,,,,,,,,,,,,,,,,,
SW Asia,SWA_Mineral_Deposits,Afghanistan,Charkh Graphite,,AFd0696,,Graphite,,,,Unknown graphite,,,,,,,,,Lowgar,,33.7546,68.8844,,,,,,,,,,,,,AFd696,,,,,,,,,,Yes,,,,,,,"Schulz and Briskey, 2005 (USGS Open-File Report 2005-1294: https://pubs.usgs.gov/of/2005/1294/); U.S. Geological Survey Mineral Resources Online Spatial Data [https://mrdata.usgs.gov/general/map-global.html]",,,,,,,,,,,,,,,,,,,
SW Asia,SWA_Mineral_Deposits,Afghanistan,Shahkabul,,AFd0742,,Graphite,,,,Unknown graphite,,,,,,,,,Meydan,,34.3227,68.8235,,,,,,,,,,,,,AFd742,,,,,,,,,,Yes,,,,,,,"Schulz and Briskey, 2005 (USGS Open-File Report 2005-1294: https://pubs.usgs.gov/of/2005/1294/); U.S. Geological Survey Mineral Resources Online Spatial Data [https://mrdata.usgs.gov/general/map-global.html]",,,,,,,,,,,,,,,,,,,
SW Asia,SWA_Mineral_Deposits,India,East Godavari,,INd011,,Graphite,,,,Crystalline graphite,,,,,,,,,Andhra Pradesh,,17.38317,81.85029,,,,,,,,,,,,,INd11,,,,,,,,,,Yes,,,,,,,"Schulz and Briskey, 2005 (USGS Open-File Report 2005-1294: https://pubs.usgs.gov/of/2005/1294/); U.S. Geological Survey Mineral Resources Online Spatial Data [https://mrdata.usgs.gov/general/map-global.html]",,,,,,,,,,,,,,,,,,,
SW Asia,SWA_Mineral_Deposits,India,Srikakulam,,INd019,,Graphite,,,,Crystalline graphite,,,,,,,,,Andhra Pradesh,,18.33308,83.10026,,,,,,,,,,,,,INd19,,,,,,,,,,Yes,,,,,,,"Schulz and Briskey, 2005 (USGS Open-File Report 2005-1294: https://pubs.usgs.gov/of/2005/1294/); U.S. Geological Survey Mineral Resources Online Spatial Data [https://mrdata.usgs.gov/general/map-global.html]",,,,,,,,,,,,,,,,,,,
SW Asia,SWA_Mineral_Deposits,India,Visakhapatnam,,INd021,,Graphite,,,,Crystalline graphite,,,,,,,,,Andhra Pradesh,,18.01651,82.93356,,,,,,,,,,,,,INd21,,,,,,,,,,Yes,,,,,,,"Schulz and Briskey, 2005 (USGS Open-File Report 2005-1294: https://pubs.usgs.gov/of/2005/1294/); U.S. Geological Survey Mineral Resources Online Spatial Data [https://mrdata.usgs.gov/general/map-global.html]",,,,,,,,,,,,,,,,,,,
SW Asia,SWA_Mineral_Deposits,India,Khamdih,,INd047,,Graphite,,,,Crystalline graphite,,,,,,,,,Jharkhand,,23.96598,84.21694,,,,,,,,,,,,,INd47,,,,,,,,,,Yes,,,,,,,"Schulz and Briskey, 2005 (USGS Open-File Report 2005-1294: https://pubs.usgs.gov/of/2005/1294/); U.S. Geological Survey Mineral Resources Online Spatial Data [https://mrdata.usgs.gov/general/map-global.html]",,,,,,,,,,,,,,,,,,,
SW Asia,SWA_Mineral_Deposits,India,Sokra,,INd051,,Graphite,,,,Crystalline graphite,,,,,,,,,Jharkhand,,23.96598,84.13354,,,,,,,,,,,,,INd51,,,,,,,,,,Yes,,,,,,,"Schulz and Briskey, 2005 (USGS Open-File Report 2005-1294: https://pubs.usgs.gov/of/2005/1294/); U.S. Geological Survey Mineral Resources Online Spatial Data [https://mrdata.usgs.gov/general/map-global.html]",,,,,,,,,,,,,,,,,,,
SW Asia,SWA_Mineral_Deposits,India,Dandatapa Area,,INd103,,Graphite,,,,Crystalline graphite,,,,,,,,,Odisha,,20.79955,84.60022,,,,,,,,,,,,,INd103,,,,,,,,,,Yes,,,,,,,"Schulz and Briskey, 2005 (USGS Open-File Report 2005-1294: https://pubs.usgs.gov/of/2005/1294/); U.S. Geological Survey Mineral Resources Online Spatial Data [https://mrdata.usgs.gov/general/map-global.html]",,,,,,,,,,,,,,,,,,,
SW Asia,SWA_Mineral_Deposits,India,Sargipali Area,,INd125,,Graphite,,,,Crystalline graphite,,,,,,,,,Odisha,,20.89955,83.08356,,,,,,,,,,,,,INd125,,,,,,,,,,Yes,,,,,,,"Schulz and Briskey, 2005 (USGS Open-File Report 2005-1294: https://pubs.usgs.gov/of/2005/1294/); U.S. Geological Survey Mineral Resources Online Spatial Data [https://mrdata.usgs.gov/general/map-global.html]",,,,,,,,,,,,,,,,,,,
SW Asia,SWA_Mineral_Deposits,India,Titlagarh Area,,INd134,,Graphite,,,,Crystalline graphite,,,,,,,,,Odisha,,20.19961,83.36695,,,,,,,,,,,,,INd134,,,,,,,,,,Yes,,,,,,,"Schulz and Briskey, 2005 (USGS Open-File Report 2005-1294: https://pubs.usgs.gov/of/2005/1294/); U.S. Geological Survey Mineral Resources Online Spatial Data [https://mrdata.usgs.gov/general/map-global.html]",,,,,,,,,,,,,,,,,,,
SW Asia,SWA_Mineral_Deposits,India,Tumdibandh-Phulbani Area,,INd135,,Graphite,,,,Crystalline graphite,,,,,,,,,Odisha,,19.83294,83.63355,,,,,,,,,,,,,INd135,,,,,,,,,,Yes,,,,,,,"Schulz and Briskey, 2005 (USGS Open-File Report 2005-1294: https://pubs.usgs.gov/of/2005/1294/); U.S. Geological Survey Mineral Resources Online Spatial Data [https://mrdata.usgs.gov/general/map-global.html]",,,,,,,,,,,,,,,,,,,
SW Asia,SWA_Mineral_Deposits,India,Tamatia Mines,,INd163,,Graphite,,,,Crystalline graphite,,,,,,,,,Rajasthan,,23.61603,74.50049,,,,,,,,,,,,,INd163,,,,,,,,,,Yes,,,,,,,"Schulz and Briskey, 2005 (USGS Open-File Report 2005-1294: https://pubs.usgs.gov/of/2005/1294/); U.S. Geological Survey Mineral Resources Online Spatial Data [https://mrdata.usgs.gov/general/map-global.html]",,,,,,,,,,,,,,,,,,,
SW Asia,SWA_Mineral_Deposits,India,Madurai,,INd171,,Graphite,,,,Crystalline graphite,,,,,,,,,Tamil Nadu,,10.06728,77.83368,,,,,,,,,,,,,INd171,,,,,,,,,,Yes,,,,,,,"Schulz and Briskey, 2005 (USGS Open-File Report 2005-1294: https://pubs.usgs.gov/of/2005/1294/); U.S. Geological Survey Mineral Resources Online Spatial Data [https://mrdata.usgs.gov/general/map-global.html]",,,,,,,,,,,,,,,,,,,
SW Asia,SWA_Mineral_Deposits,India,Khammam,,INd178,,Graphite,,,,Crystalline graphite,,,,,,,,,Telangana,,17.38317,81.3336,,,,,,,,,,,,,INd178,,,,,,,,,,Yes,,,,,,,"Schulz and Briskey, 2005 (USGS Open-File Report 2005-1294: https://pubs.usgs.gov/of/2005/1294/); U.S. Geological Survey Mineral Resources Online Spatial Data [https://mrdata.usgs.gov/general/map-global.html]",,,,,,,,,,,,,,,,,,,
SW Asia,SWA_Mineral_Deposits,North Korea,Songjin Deposits,,KPd002,,Graphite,,,,Crystalline graphite,,,,,,,,,North Hamgyong,,40.66503,129.19888,,,,,,,,,,,,,KPd2,,,,,,,,,,Yes,,,,,,,"Schulz and Briskey, 2005 (USGS Open-File Report 2005-1294: https://pubs.usgs.gov/of/2005/1294/); U.S. Geological Survey Mineral Resources Online Spatial Data [https://mrdata.usgs.gov/general/map-global.html]",,,,,,,,,,,,,,,,,,,
SW Asia,SWA_Mineral_Deposits,North Korea,Yonghung-Kaechon Area,,KPd004,,Graphite,,,,Amorphous graphite,,,,,,,,,South Hamgyong,,39.83165,127.43224,,,,,,,,,,,,,KPd4,,,,,,,,,,Yes,,,,,,,"Schulz and Briskey, 2005 (USGS Open-File Report 2005-1294: https://pubs.usgs.gov/of/2005/1294/); U.S. Geological Survey Mineral Resources Online Spatial Data [https://mrdata.usgs.gov/general/map-global.html]",,,,,,,,,,,,,,,,,,,
SW Asia,SWA_Mineral_Exploration,India,Ekta,,INx018,,Graphite,,Reserves development,,,,,,,,,,,Jharkhand,27 km ESE of Daltonganj,23.9375,84.3162,,,,,,,,,,,,,INx18,,,,,,,,,,,,,,,,,"USGS World Minerals Exploration Database (WMED), unpub.",,,,,,,,,,,,,,,,,,,
SW Asia,SWA_Mineral_Exploration,India,Satbarwa,,INx040,,Graphite,,Exploration,,,,,,,,,,,Jharkhand,140 km from Ranchi,23.34,85.31,,,,,,,,,,,,,INx40,,,,,,,,,,,,,,,,,"USGS World Minerals Exploration Database (WMED), unpub.",,,,,,,,,,,,,,,,,,,
SW Asia,SWA_Mineral_Exploration,Indonesia,Balai Sebut,,IDx012,,Graphite,,Exploration,,,,,,,,,,,Kalimantan Barat,182 km ENE of Pontianak,0.4778,110.8988,,,,,,,,,,,,,IDx12,,,,,,,,,,,,,,,,,"USGS World Minerals Exploration Database (WMED), unpub.",,,,,,,,,,,,,,,,,,,
SW Asia,SWA_Mineral_Exploration,Indonesia,Tamboli,,IDx145,,Graphite,,Reserves development,,,,,,,,,,,Sulawesi Selatan,,-3.92,121.35,,,,,,,,,,,,,IDx145,,,,,,,,,,,,,,,,,"USGS World Minerals Exploration Database (WMED), unpub.",,,,,,,,,,,,,,,,,,,
Latin America & Caribbean,MINFAC_LAC,Brazil,Itapecerica,,BR100,Industrial,Graphite,Concentrate,A,MP,,90000.0,mt,,Nacional de Grafite Ltda. (NGL),"Private, 100%",,,,Minas Gerais,"Itapecerica, Pedra Azul, Salto da Divisa, Minas Gerais State",-20.4412,-45.1334,E,2014.0,,,,,,,,,,,,,,,2014.0,,,***BR100-102,e,,,,,,,,,,,,,,,,,,,,,,,,,351.0,349.0,BR,100.0
Latin America & Caribbean,MINFAC_LAC,Brazil,Maiquinique,,BR109,Industrial,Graphite,Concentrate,A,M,,2000.0,mt,,Extrativa Metalquimica S/A ,"Private, 100%",,,,Bahia,"Maiquinique, Bahia State",-15.7794,-40.3215,E,2014.0,,,,,,,,,,,,,,,2014.0,,,,e,,,,,,,,,,,,,,,,,,,,,,,,,361.0,358.0,BR,109.0
Latin America & Caribbean,MINFAC_LAC,Brazil,Mateus Leme,,BR113,Industrial,Graphite,Ore,A,M,,2000.0,mt,,JMN Mineração S/A ,"Private, 100%",,,,Minas Gerais,"Mateus Leme, Minas Gerais State",-20.0379,-44.4351,E,2014.0,,,,,,,,,,,,,,,2014.0,,,,e,,,,,,,,,,,,,,,,,,,,,,,,,368.0,368.0,BR,113.0
Latin America & Caribbean,MINFAC_LAC,Brazil,Pedra Azul,,BR101,Industrial,Graphite,Concentrate,A,MP,,90000.0,mt,,Nacional de Grafite Ltda. (NGL),"Private, 100%",,,,Minas Gerais,"Itapecerica, Pedra Azul, Salto da Divisa, Minas Gerais State",-19.8734,-44.0582,E,2014.0,,,,,,,,,,,,,,,2014.0,,,***BR100-102,e,,,,,,,,,,,,,,,,,,,,,,,,,352.0,401.0,BR,101.0
Latin America & Caribbean,MINFAC_LAC,Brazil,Salto da Divisa,,BR102,Industrial,Graphite,Concentrate,A,MP,,90000.0,mt,,Nacional de Grafite Ltda. (NGL),"Private, 100%",,,,Minas Gerais,"Itapecerica, Pedra Azul, Salto da Divisa, Minas Gerais State",-16.2026,-39.9472,E,2014.0,,,,,,,,,,,,,,,2014.0,,,***BR100-102,e,,,,,,,,,,,,,,,,,,,,,,,,,353.0,440.0,BR,102.0
Latin America & Caribbean,MINFAC_LAC,Mexico,Lourdes Mine,,MX84,Industrial,Graphite,Graphite,A,M,,60000.0,mt,,"Grafitos Mexicanos, S.A. de C.V. ",Cummings Moore,,,,Sonora,"Lourdes, Topiyeca, and San Juan Mines, Sonora",28.4835,-110.6839,A,2014.0,,,,,,,,,,,,,,,2014.0,,,***MX84-86,e,,,,,,,,,,,,,,,,,,,,,,,,,1187.0,1145.0,MX,84.0
Latin America & Caribbean,MINFAC_LAC,Mexico,San Juan Mine,,MX85,Industrial,Graphite,Graphite,A,M,,60000.0,mt,,"Grafitos Mexicanos, S.A. de C.V. ",Cummings Moore,,,,Sonora,"Lourdes, Topiyeca, and San Juan Mines, Sonora",27.458,-108.9363,A,2014.0,,,,,,,,,,,,,,,2014.0,,,***MX84-86,e,,,,,,,,,,,,,,,,,,,,,,,,,1188.0,1217.0,MX,85.0
Latin America & Caribbean,MINFAC_LAC,Mexico,Topiyeca Mine,,MX86,Industrial,Graphite,Graphite,A,M,,60000.0,mt,,"Grafitos Mexicanos, S.A. de C.V. ",Cummings Moore,,,,Sonora,"Lourdes, Topiyeca, and San Juan Mines, Sonora",27.458,-108.9363,A,2014.0,,,,,,,,,,,,,,,2014.0,,,***MX84-86,e,,,,,,,,,,,,,,,,,,,,,,,,,1189.0,1253.0,MX,86.0
